tournament_dir,event_type,avg_per_replay,median_per_replay,is_outlier
2016_IEM_10_Taipei,PlayerSetup,2.0,2,False
2016_IEM_11_Shanghai,PlayerSetup,2.0,2,False
2016_WCS_Winter,PlayerSetup,2.0,2,False
2017_HomeStory_Cup_XV,PlayerSetup,2.0,2,False
2017_HomeStory_Cup_XVI,PlayerSetup,2.0,2,False
2017_IEM_Shanghai,PlayerSetup,2.0,2,False
2017_IEM_XI_World_Championship_Katowice,PlayerSetup,2.0,2,False
2017_WCS_Austin,PlayerSetup,2.0,2,False
2017_WCS_Global_Finals,PlayerSetup,2.0,2,False
2017_WCS_Jonkoping,PlayerSetup,2.0,2,False
2017_WCS_Montreal,PlayerSetup,2.0,2,False
2017_WESG_Barcelona,PlayerSetup,2.0,2,False
2017_WESG_Haikou,PlayerSetup,2.0,2,False
2018_Cheeseadelphia_8,PlayerSetup,2.0,2,False
2018_HomeStory_Cup_XVII,PlayerSetup,2.0,2,False
2018_HomeStory_Cup_XVIII,PlayerSetup,2.0,2,False
2018_IEM_Katowice,PlayerSetup,2.0,2,False
2018_IEM_PyeongChang,PlayerSetup,2.0,2,False
2018_WCS_Austin,PlayerSetup,2.0,2,False
2018_WCS_Global_Finals,PlayerSetup,2.0,2,False
2018_WCS_Leipzig,PlayerSetup,2.0,2,False
2018_WCS_Montreal,PlayerSetup,2.0,2,False
2018_WCS_Valencia,PlayerSetup,2.0,2,False
2018_WESG_Grand_Finals,PlayerSetup,2.0,2,False
2019_Assembly_Summer,PlayerSetup,2.0,2,False
2019_HomeStory_Cup_XIX,PlayerSetup,2.0,2,False
2019_HomeStory_Cup_XX,PlayerSetup,2.0,2,False
2019_IEM_Katowice,PlayerSetup,2.0,2,False
2019_WCS_Fall,PlayerSetup,2.0,2,False
2019_WCS_Grand_Finals,PlayerSetup,2.0,2,False
2019_WCS_Spring,PlayerSetup,2.0,2,False
2019_WCS_Summer,PlayerSetup,2.0,2,False
2019_WCS_Winter,PlayerSetup,2.0,2,False
2020_05_Dreamhack_Last_Chance,PlayerSetup,2.0,2,False
2020_ASUS_ROG_Online,PlayerSetup,2.0,2,False
2020_Dreamhack_SC2_Masters_Fall,PlayerSetup,2.0,2,False
2020_Dreamhack_SC2_Masters_Summer,PlayerSetup,2.0,2,False
2020_IEM_Katowice,PlayerSetup,2.0,2,False
2020_StayAtHome_Story_Cup_1,PlayerSetup,2.0,2,False
2020_StayAtHome_Story_Cup_2,PlayerSetup,2.0,2,False
2020_TSL5,PlayerSetup,2.1,2,True
2020_TSL6,PlayerSetup,2.0,2,False
2021_ASUS_ROG_Fall,PlayerSetup,2.0,2,False
2021_Cheeseadelphia_Winter_Championship,PlayerSetup,2.0,2,False
2021_Dreamhack_SC2_Masters_Fall,PlayerSetup,2.0,2,False
2021_Dreamhack_SC2_Masters_Summer,PlayerSetup,2.0,2,False
2021_Dreamhack_SC2_Masters_Winter,PlayerSetup,2.0,2,False
2021_IEM_Katowice,PlayerSetup,2.0,2,False
2021_StayAtHome_Story_Cup_3,PlayerSetup,2.0,2,False
2021_StayAtHome_Story_Cup_4,PlayerSetup,2.0,2,False
2021_TSL7,PlayerSetup,2.0,2,False
2021_TSL8,PlayerSetup,2.0,2,False
2022_03_DH_SC2_Masters_Atlanta,PlayerSetup,2.0,2,False
2022_Dreamhack_SC2_Masters_Last_Chance2021,PlayerSetup,2.0,2,False
2022_Dreamhack_SC2_Masters_Valencia,PlayerSetup,2.0,2,False
2022_HomeStory_Cup_XXI,PlayerSetup,2.0,2,False
2022_HomeStory_Cup_XXII,PlayerSetup,2.0,2,False
2022_IEM_Katowice,PlayerSetup,2.0,2,False
2022_TSL9,PlayerSetup,2.0,2,False
2023_01_IEM_Katowice,PlayerSetup,2.0,2,False
2023_04_ESL_SC2_Masters_Summer_Finals,PlayerSetup,2.0,2,False
2023_05_Gamers8,PlayerSetup,2.0,2,False
2023_07_ESL_SC2_Masters_Winter_Finals,PlayerSetup,2.0,2,False
2023_HomeStory_Cup_XXIV,PlayerSetup,2.0,2,False
2024_01_IEM_Katowice,PlayerSetup,2.0,2,False
2024_03_ESL_SC2_Masters_Spring_Finals,PlayerSetup,2.0,2,False
2024_05_EWC,PlayerSetup,2.0,2,False
2024_HomeStory_Cup_XXV,PlayerSetup,2.0,2,False
2024_HomeStory_Cup_XXVI,PlayerSetup,2.0,2,False
2024_StaraZagora_BellumGensElite,PlayerSetup,2.0,2,False
2016_IEM_10_Taipei,PlayerStats,187.9,173,False
2016_IEM_11_Shanghai,PlayerStats,188.3,180,False
2016_WCS_Winter,PlayerStats,188.3,177,False
2017_HomeStory_Cup_XV,PlayerStats,189.5,183,False
2017_HomeStory_Cup_XVI,PlayerStats,204.3,177,False
2017_IEM_Shanghai,PlayerStats,215.1,203,False
2017_IEM_XI_World_Championship_Katowice,PlayerStats,195.3,185,False
2017_WCS_Austin,PlayerStats,187.5,177,False
2017_WCS_Global_Finals,PlayerStats,202.2,185,False
2017_WCS_Jonkoping,PlayerStats,204.4,189,False
2017_WCS_Montreal,PlayerStats,180.1,163,False
2017_WESG_Barcelona,PlayerStats,188.8,167,False
2017_WESG_Haikou,PlayerStats,194.5,175,False
2018_Cheeseadelphia_8,PlayerStats,180.1,171,False
2018_HomeStory_Cup_XVII,PlayerStats,194.8,181,False
2018_HomeStory_Cup_XVIII,PlayerStats,195.8,175,False
2018_IEM_Katowice,PlayerStats,198.0,185,False
2018_IEM_PyeongChang,PlayerStats,179.4,176,False
2018_WCS_Austin,PlayerStats,180.0,163,False
2018_WCS_Global_Finals,PlayerStats,208.9,188,False
2018_WCS_Leipzig,PlayerStats,188.5,171,False
2018_WCS_Montreal,PlayerStats,179.6,171,False
2018_WCS_Valencia,PlayerStats,188.2,173,False
2018_WESG_Grand_Finals,PlayerStats,167.6,153,True
2019_Assembly_Summer,PlayerStats,200.7,187,False
2019_HomeStory_Cup_XIX,PlayerStats,189.4,172,False
2019_HomeStory_Cup_XX,PlayerStats,207.1,191,False
2019_IEM_Katowice,PlayerStats,186.7,173,False
2019_WCS_Fall,PlayerStats,196.4,179,False
2019_WCS_Grand_Finals,PlayerStats,230.9,209,False
2019_WCS_Spring,PlayerStats,193.6,177,False
2019_WCS_Summer,PlayerStats,200.8,183,False
2019_WCS_Winter,PlayerStats,200.6,185,False
2020_05_Dreamhack_Last_Chance,PlayerStats,230.2,218,False
2020_ASUS_ROG_Online,PlayerStats,232.5,219,False
2020_Dreamhack_SC2_Masters_Fall,PlayerStats,220.1,203,False
2020_Dreamhack_SC2_Masters_Summer,PlayerStats,204.9,189,False
2020_IEM_Katowice,PlayerStats,190.6,177,False
2020_StayAtHome_Story_Cup_1,PlayerStats,194.2,179,False
2020_StayAtHome_Story_Cup_2,PlayerStats,194.9,181,False
2020_TSL5,PlayerStats,218.0,183,False
2020_TSL6,PlayerStats,216.6,193,False
2021_ASUS_ROG_Fall,PlayerStats,231.9,210,False
2021_Cheeseadelphia_Winter_Championship,PlayerStats,183.8,183,False
2021_Dreamhack_SC2_Masters_Fall,PlayerStats,210.5,193,False
2021_Dreamhack_SC2_Masters_Summer,PlayerStats,211.5,193,False
2021_Dreamhack_SC2_Masters_Winter,PlayerStats,212.2,189,False
2021_IEM_Katowice,PlayerStats,218.0,199,False
2021_StayAtHome_Story_Cup_3,PlayerStats,206.4,189,False
2021_StayAtHome_Story_Cup_4,PlayerStats,214.4,197,False
2021_TSL7,PlayerStats,210.4,193,False
2021_TSL8,PlayerStats,209.3,187,False
2022_03_DH_SC2_Masters_Atlanta,PlayerStats,204.7,181,False
2022_Dreamhack_SC2_Masters_Last_Chance2021,PlayerStats,207.1,185,False
2022_Dreamhack_SC2_Masters_Valencia,PlayerStats,210.9,193,False
2022_HomeStory_Cup_XXI,PlayerStats,254.3,233,True
2022_HomeStory_Cup_XXII,PlayerStats,206.5,189,False
2022_IEM_Katowice,PlayerStats,231.2,207,False
2022_TSL9,PlayerStats,213.9,189,False
2023_01_IEM_Katowice,PlayerStats,219.5,191,False
2023_04_ESL_SC2_Masters_Summer_Finals,PlayerStats,203.5,187,False
2023_05_Gamers8,PlayerStats,262.8,230,True
2023_07_ESL_SC2_Masters_Winter_Finals,PlayerStats,229.2,203,False
2023_HomeStory_Cup_XXIV,PlayerStats,211.8,189,False
2024_01_IEM_Katowice,PlayerStats,224.1,203,False
2024_03_ESL_SC2_Masters_Spring_Finals,PlayerStats,210.9,187,False
2024_05_EWC,PlayerStats,250.2,222,True
2024_HomeStory_Cup_XXV,PlayerStats,187.7,167,False
2024_HomeStory_Cup_XXVI,PlayerStats,209.9,191,False
2024_StaraZagora_BellumGensElite,PlayerStats,215.6,199,False
2016_IEM_10_Taipei,UnitBorn,693.7,504,False
2016_IEM_11_Shanghai,UnitBorn,778.8,760,False
2016_WCS_Winter,UnitBorn,861.0,803,False
2017_HomeStory_Cup_XV,UnitBorn,759.1,631,False
2017_HomeStory_Cup_XVI,UnitBorn,936.2,745,False
2017_IEM_Shanghai,UnitBorn,1064.7,862,False
2017_IEM_XI_World_Championship_Katowice,UnitBorn,813.2,688,False
2017_WCS_Austin,UnitBorn,856.9,733,False
2017_WCS_Global_Finals,UnitBorn,1001.1,787,False
2017_WCS_Jonkoping,UnitBorn,900.7,743,False
2017_WCS_Montreal,UnitBorn,774.6,652,False
2017_WESG_Barcelona,UnitBorn,932.6,840,False
2017_WESG_Haikou,UnitBorn,952.1,809,False
2018_Cheeseadelphia_8,UnitBorn,547.2,435,False
2018_HomeStory_Cup_XVII,UnitBorn,889.2,672,False
2018_HomeStory_Cup_XVIII,UnitBorn,939.7,668,False
2018_IEM_Katowice,UnitBorn,842.4,672,False
2018_IEM_PyeongChang,UnitBorn,793.2,748,False
2018_WCS_Austin,UnitBorn,810.4,657,False
2018_WCS_Global_Finals,UnitBorn,899.1,708,False
2018_WCS_Leipzig,UnitBorn,851.4,701,False
2018_WCS_Montreal,UnitBorn,806.2,661,False
2018_WCS_Valencia,UnitBorn,851.1,717,False
2018_WESG_Grand_Finals,UnitBorn,771.1,604,False
2019_Assembly_Summer,UnitBorn,939.2,700,False
2019_HomeStory_Cup_XIX,UnitBorn,940.1,758,False
2019_HomeStory_Cup_XX,UnitBorn,1269.0,740,False
2019_IEM_Katowice,UnitBorn,802.8,638,False
2019_WCS_Fall,UnitBorn,867.0,661,False
2019_WCS_Grand_Finals,UnitBorn,1199.7,977,False
2019_WCS_Spring,UnitBorn,822.4,638,False
2019_WCS_Summer,UnitBorn,915.8,727,False
2019_WCS_Winter,UnitBorn,857.6,696,False
2020_05_Dreamhack_Last_Chance,UnitBorn,1261.3,844,False
2020_ASUS_ROG_Online,UnitBorn,1452.4,850,False
2020_Dreamhack_SC2_Masters_Fall,UnitBorn,1247.4,754,False
2020_Dreamhack_SC2_Masters_Summer,UnitBorn,946.2,665,False
2020_IEM_Katowice,UnitBorn,812.7,586,False
2020_StayAtHome_Story_Cup_1,UnitBorn,1043.9,753,False
2020_StayAtHome_Story_Cup_2,UnitBorn,966.2,616,False
2020_TSL5,UnitBorn,1064.2,735,False
2020_TSL6,UnitBorn,1584.3,928,False
2021_ASUS_ROG_Fall,UnitBorn,1941.7,898,True
2021_Cheeseadelphia_Winter_Championship,UnitBorn,852.3,648,False
2021_Dreamhack_SC2_Masters_Fall,UnitBorn,877.4,576,False
2021_Dreamhack_SC2_Masters_Summer,UnitBorn,997.9,650,False
2021_Dreamhack_SC2_Masters_Winter,UnitBorn,1036.9,595,False
2021_IEM_Katowice,UnitBorn,1352.5,678,False
2021_StayAtHome_Story_Cup_3,UnitBorn,1127.4,728,False
2021_StayAtHome_Story_Cup_4,UnitBorn,1389.5,762,False
2021_TSL7,UnitBorn,1402.2,729,False
2021_TSL8,UnitBorn,1362.9,882,False
2022_03_DH_SC2_Masters_Atlanta,UnitBorn,918.5,563,False
2022_Dreamhack_SC2_Masters_Last_Chance2021,UnitBorn,1154.3,745,False
2022_Dreamhack_SC2_Masters_Valencia,UnitBorn,949.0,606,False
2022_HomeStory_Cup_XXI,UnitBorn,1944.1,1198,True
2022_HomeStory_Cup_XXII,UnitBorn,1061.8,718,False
2022_IEM_Katowice,UnitBorn,1420.5,741,False
2022_TSL9,UnitBorn,1274.2,777,False
2023_01_IEM_Katowice,UnitBorn,1125.3,830,False
2023_04_ESL_SC2_Masters_Summer_Finals,UnitBorn,990.1,594,False
2023_05_Gamers8,UnitBorn,1646.3,968,True
2023_07_ESL_SC2_Masters_Winter_Finals,UnitBorn,1353.6,772,False
2023_HomeStory_Cup_XXIV,UnitBorn,1306.4,736,False
2024_01_IEM_Katowice,UnitBorn,1269.2,701,False
2024_03_ESL_SC2_Masters_Spring_Finals,UnitBorn,1237.0,701,False
2024_05_EWC,UnitBorn,1464.4,806,False
2024_HomeStory_Cup_XXV,UnitBorn,781.3,507,False
2024_HomeStory_Cup_XXVI,UnitBorn,1034.7,657,False
2024_StaraZagora_BellumGensElite,UnitBorn,1297.0,729,False
2016_IEM_10_Taipei,UnitDied,414.3,278,False
2016_IEM_11_Shanghai,UnitDied,497.9,471,False
2016_WCS_Winter,UnitDied,540.2,437,False
2017_HomeStory_Cup_XV,UnitDied,474.3,350,False
2017_HomeStory_Cup_XVI,UnitDied,646.9,446,False
2017_IEM_Shanghai,UnitDied,754.4,601,False
2017_IEM_XI_World_Championship_Katowice,UnitDied,525.6,404,False
2017_WCS_Austin,UnitDied,572.0,424,False
2017_WCS_Global_Finals,UnitDied,680.9,475,False
2017_WCS_Jonkoping,UnitDied,612.2,443,False
2017_WCS_Montreal,UnitDied,485.7,334,False
2017_WESG_Barcelona,UnitDied,613.3,491,False
2017_WESG_Haikou,UnitDied,643.6,436,False
2018_Cheeseadelphia_8,UnitDied,284.1,170,False
2018_HomeStory_Cup_XVII,UnitDied,605.2,355,False
2018_HomeStory_Cup_XVIII,UnitDied,638.1,358,False
2018_IEM_Katowice,UnitDied,554.8,367,False
2018_IEM_PyeongChang,UnitDied,483.5,414,False
2018_WCS_Austin,UnitDied,516.2,357,False
2018_WCS_Global_Finals,UnitDied,634.3,416,False
2018_WCS_Leipzig,UnitDied,557.3,394,False
2018_WCS_Montreal,UnitDied,506.9,366,False
2018_WCS_Valencia,UnitDied,554.5,402,False
2018_WESG_Grand_Finals,UnitDied,468.6,288,False
2019_Assembly_Summer,UnitDied,637.8,369,False
2019_HomeStory_Cup_XIX,UnitDied,618.8,427,False
2019_HomeStory_Cup_XX,UnitDied,952.7,450,False
2019_IEM_Katowice,UnitDied,516.3,341,False
2019_WCS_Fall,UnitDied,572.9,346,False
2019_WCS_Grand_Finals,UnitDied,908.5,658,False
2019_WCS_Spring,UnitDied,526.1,341,False
2019_WCS_Summer,UnitDied,619.5,407,False
2019_WCS_Winter,UnitDied,567.7,402,False
2020_05_Dreamhack_Last_Chance,UnitDied,964.7,544,False
2020_ASUS_ROG_Online,UnitDied,1182.5,580,False
2020_Dreamhack_SC2_Masters_Fall,UnitDied,975.1,483,False
2020_Dreamhack_SC2_Masters_Summer,UnitDied,671.6,385,False
2020_IEM_Katowice,UnitDied,544.4,322,False
2020_StayAtHome_Story_Cup_1,UnitDied,724.5,422,False
2020_StayAtHome_Story_Cup_2,UnitDied,683.5,341,False
2020_TSL5,UnitDied,754.4,382,False
2020_TSL6,UnitDied,1288.6,604,False
2021_ASUS_ROG_Fall,UnitDied,1651.4,598,True
2021_Cheeseadelphia_Winter_Championship,UnitDied,589.2,365,False
2021_Dreamhack_SC2_Masters_Fall,UnitDied,621.6,339,False
2021_Dreamhack_SC2_Masters_Summer,UnitDied,736.8,392,False
2021_Dreamhack_SC2_Masters_Winter,UnitDied,780.4,348,False
2021_IEM_Katowice,UnitDied,1074.3,426,False
2021_StayAtHome_Story_Cup_3,UnitDied,847.3,414,False
2021_StayAtHome_Story_Cup_4,UnitDied,1085.4,440,False
2021_TSL7,UnitDied,1128.1,444,False
2021_TSL8,UnitDied,1039.0,513,False
2022_03_DH_SC2_Masters_Atlanta,UnitDied,671.2,314,False
2022_Dreamhack_SC2_Masters_Last_Chance2021,UnitDied,860.0,426,False
2022_Dreamhack_SC2_Masters_Valencia,UnitDied,692.5,350,False
2022_HomeStory_Cup_XXI,UnitDied,1682.3,876,True
2022_HomeStory_Cup_XXII,UnitDied,804.6,481,False
2022_IEM_Katowice,UnitDied,1138.5,443,False
2022_TSL9,UnitDied,992.2,474,False
2023_01_IEM_Katowice,UnitDied,825.7,498,False
2023_04_ESL_SC2_Masters_Summer_Finals,UnitDied,713.5,320,False
2023_05_Gamers8,UnitDied,1387.5,665,True
2023_07_ESL_SC2_Masters_Winter_Finals,UnitDied,1078.2,494,False
2023_HomeStory_Cup_XXIV,UnitDied,1036.4,436,False
2024_01_IEM_Katowice,UnitDied,1009.2,428,False
2024_03_ESL_SC2_Masters_Spring_Finals,UnitDied,951.0,417,False
2024_05_EWC,UnitDied,1177.0,508,False
2024_HomeStory_Cup_XXV,UnitDied,518.0,257,False
2024_HomeStory_Cup_XXVI,UnitDied,743.0,356,False
2024_StaraZagora_BellumGensElite,UnitDied,1041.1,442,False
2016_IEM_10_Taipei,UnitDone,113.0,98,False
2016_IEM_11_Shanghai,UnitDone,109.9,97,False
2016_WCS_Winter,UnitDone,92.2,80,False
2017_HomeStory_Cup_XV,UnitDone,127.3,113,False
2017_HomeStory_Cup_XVI,UnitDone,130.2,109,False
2017_IEM_Shanghai,UnitDone,123.6,109,False
2017_IEM_XI_World_Championship_Katowice,UnitDone,107.5,98,False
2017_WCS_Austin,UnitDone,101.0,82,False
2017_WCS_Global_Finals,UnitDone,104.0,90,False
2017_WCS_Jonkoping,UnitDone,118.0,96,False
2017_WCS_Montreal,UnitDone,100.9,85,False
2017_WESG_Barcelona,UnitDone,103.7,81,False
2017_WESG_Haikou,UnitDone,109.2,88,False
2018_Cheeseadelphia_8,UnitDone,100.3,95,False
2018_HomeStory_Cup_XVII,UnitDone,119.9,109,False
2018_HomeStory_Cup_XVIII,UnitDone,116.1,106,False
2018_IEM_Katowice,UnitDone,123.1,112,False
2018_IEM_PyeongChang,UnitDone,100.9,79,False
2018_WCS_Austin,UnitDone,102.2,83,False
2018_WCS_Global_Finals,UnitDone,138.5,114,False
2018_WCS_Leipzig,UnitDone,105.4,81,False
2018_WCS_Montreal,UnitDone,93.6,78,False
2018_WCS_Valencia,UnitDone,112.6,98,False
2018_WESG_Grand_Finals,UnitDone,85.9,62,True
2019_Assembly_Summer,UnitDone,139.6,120,False
2019_HomeStory_Cup_XIX,UnitDone,115.5,96,False
2019_HomeStory_Cup_XX,UnitDone,134.0,119,False
2019_IEM_Katowice,UnitDone,109.1,103,False
2019_WCS_Fall,UnitDone,129.8,107,False
2019_WCS_Grand_Finals,UnitDone,162.6,145,False
2019_WCS_Spring,UnitDone,113.6,100,False
2019_WCS_Summer,UnitDone,127.3,109,False
2019_WCS_Winter,UnitDone,127.1,118,False
2020_05_Dreamhack_Last_Chance,UnitDone,143.5,122,False
2020_ASUS_ROG_Online,UnitDone,158.3,144,False
2020_Dreamhack_SC2_Masters_Fall,UnitDone,155.5,127,False
2020_Dreamhack_SC2_Masters_Summer,UnitDone,140.6,122,False
2020_IEM_Katowice,UnitDone,133.1,120,False
2020_StayAtHome_Story_Cup_1,UnitDone,113.0,100,False
2020_StayAtHome_Story_Cup_2,UnitDone,130.8,103,False
2020_TSL5,UnitDone,130.4,107,False
2020_TSL6,UnitDone,133.6,109,False
2021_ASUS_ROG_Fall,UnitDone,149.7,130,False
2021_Cheeseadelphia_Winter_Championship,UnitDone,126.8,107,False
2021_Dreamhack_SC2_Masters_Fall,UnitDone,156.8,131,False
2021_Dreamhack_SC2_Masters_Summer,UnitDone,154.8,136,False
2021_Dreamhack_SC2_Masters_Winter,UnitDone,154.4,123,False
2021_IEM_Katowice,UnitDone,152.0,132,False
2021_StayAtHome_Story_Cup_3,UnitDone,152.9,134,False
2021_StayAtHome_Story_Cup_4,UnitDone,141.7,124,False
2021_TSL7,UnitDone,142.9,124,False
2021_TSL8,UnitDone,126.4,111,False
2022_03_DH_SC2_Masters_Atlanta,UnitDone,156.4,125,False
2022_Dreamhack_SC2_Masters_Last_Chance2021,UnitDone,137.1,121,False
2022_Dreamhack_SC2_Masters_Valencia,UnitDone,162.5,135,False
2022_HomeStory_Cup_XXI,UnitDone,204.7,168,True
2022_HomeStory_Cup_XXII,UnitDone,158.4,129,False
2022_IEM_Katowice,UnitDone,152.2,136,False
2022_TSL9,UnitDone,152.6,120,False
2023_01_IEM_Katowice,UnitDone,138.0,124,False
2023_04_ESL_SC2_Masters_Summer_Finals,UnitDone,145.2,120,False
2023_05_Gamers8,UnitDone,179.4,152,False
2023_07_ESL_SC2_Masters_Winter_Finals,UnitDone,154.4,122,False
2023_HomeStory_Cup_XXIV,UnitDone,159.5,123,False
2024_01_IEM_Katowice,UnitDone,164.3,136,False
2024_03_ESL_SC2_Masters_Spring_Finals,UnitDone,147.4,127,False
2024_05_EWC,UnitDone,156.9,127,False
2024_HomeStory_Cup_XXV,UnitDone,140.4,109,False
2024_HomeStory_Cup_XXVI,UnitDone,137.5,116,False
2024_StaraZagora_BellumGensElite,UnitDone,167.9,134,False
2016_IEM_10_Taipei,UnitInit,116.7,101,False
2016_IEM_11_Shanghai,UnitInit,113.7,102,False
2016_WCS_Winter,UnitInit,96.5,84,False
2017_HomeStory_Cup_XV,UnitInit,130.7,116,False
2017_HomeStory_Cup_XVI,UnitInit,135.4,114,False
2017_IEM_Shanghai,UnitInit,129.2,116,False
2017_IEM_XI_World_Championship_Katowice,UnitInit,111.5,102,False
2017_WCS_Austin,UnitInit,105.8,85,False
2017_WCS_Global_Finals,UnitInit,109.1,102,False
2017_WCS_Jonkoping,UnitInit,123.1,103,False
2017_WCS_Montreal,UnitInit,105.3,88,False
2017_WESG_Barcelona,UnitInit,108.1,85,False
2017_WESG_Haikou,UnitInit,115.0,90,False
2018_Cheeseadelphia_8,UnitInit,103.6,96,False
2018_HomeStory_Cup_XVII,UnitInit,125.3,113,False
2018_HomeStory_Cup_XVIII,UnitInit,121.8,109,False
2018_IEM_Katowice,UnitInit,128.4,116,False
2018_IEM_PyeongChang,UnitInit,105.1,82,False
2018_WCS_Austin,UnitInit,107.2,88,False
2018_WCS_Global_Finals,UnitInit,144.6,117,False
2018_WCS_Leipzig,UnitInit,109.9,85,False
2018_WCS_Montreal,UnitInit,98.5,81,False
2018_WCS_Valencia,UnitInit,117.8,104,False
2018_WESG_Grand_Finals,UnitInit,90.6,65,False
2019_Assembly_Summer,UnitInit,145.6,124,False
2019_HomeStory_Cup_XIX,UnitInit,120.7,100,False
2019_HomeStory_Cup_XX,UnitInit,140.3,123,False
2019_IEM_Katowice,UnitInit,114.1,107,False
2019_WCS_Fall,UnitInit,136.1,112,False
2019_WCS_Grand_Finals,UnitInit,169.6,150,False
2019_WCS_Spring,UnitInit,119.6,105,False
2019_WCS_Summer,UnitInit,133.8,114,False
2019_WCS_Winter,UnitInit,132.3,121,False
2020_05_Dreamhack_Last_Chance,UnitInit,149.9,130,False
2020_ASUS_ROG_Online,UnitInit,165.6,149,False
2020_Dreamhack_SC2_Masters_Fall,UnitInit,162.1,133,False
2020_Dreamhack_SC2_Masters_Summer,UnitInit,146.2,126,False
2020_IEM_Katowice,UnitInit,138.4,125,False
2020_StayAtHome_Story_Cup_1,UnitInit,118.0,106,False
2020_StayAtHome_Story_Cup_2,UnitInit,136.0,109,False
2020_TSL5,UnitInit,136.0,111,False
2020_TSL6,UnitInit,139.8,114,False
2021_ASUS_ROG_Fall,UnitInit,156.6,134,False
2021_Cheeseadelphia_Winter_Championship,UnitInit,132.0,114,False
2021_Dreamhack_SC2_Masters_Fall,UnitInit,163.0,138,False
2021_Dreamhack_SC2_Masters_Summer,UnitInit,161.1,140,False
2021_Dreamhack_SC2_Masters_Winter,UnitInit,160.8,130,False
2021_IEM_Katowice,UnitInit,158.5,137,False
2021_StayAtHome_Story_Cup_3,UnitInit,160.3,140,False
2021_StayAtHome_Story_Cup_4,UnitInit,148.4,128,False
2021_TSL7,UnitInit,148.2,130,False
2021_TSL8,UnitInit,131.5,118,False
2022_03_DH_SC2_Masters_Atlanta,UnitInit,163.2,131,False
2022_Dreamhack_SC2_Masters_Last_Chance2021,UnitInit,143.2,125,False
2022_Dreamhack_SC2_Masters_Valencia,UnitInit,169.0,141,False
2022_HomeStory_Cup_XXI,UnitInit,214.5,177,True
2022_HomeStory_Cup_XXII,UnitInit,165.5,135,False
2022_IEM_Katowice,UnitInit,159.1,142,False
2022_TSL9,UnitInit,158.8,127,False
2023_01_IEM_Katowice,UnitInit,144.3,130,False
2023_04_ESL_SC2_Masters_Summer_Finals,UnitInit,151.6,126,False
2023_05_Gamers8,UnitInit,187.8,158,True
2023_07_ESL_SC2_Masters_Winter_Finals,UnitInit,161.4,128,False
2023_HomeStory_Cup_XXIV,UnitInit,166.2,128,False
2024_01_IEM_Katowice,UnitInit,171.1,144,False
2024_03_ESL_SC2_Masters_Spring_Finals,UnitInit,153.5,132,False
2024_05_EWC,UnitInit,163.6,132,False
2024_HomeStory_Cup_XXV,UnitInit,146.4,113,False
2024_HomeStory_Cup_XXVI,UnitInit,143.5,124,False
2024_StaraZagora_BellumGensElite,UnitInit,174.9,136,False
2017_HomeStory_Cup_XV,UnitOwnerChange,4.6,3,False
2017_HomeStory_Cup_XVI,UnitOwnerChange,12.9,3,False
2017_IEM_Shanghai,UnitOwnerChange,8.8,4,False
2017_IEM_XI_World_Championship_Katowice,UnitOwnerChange,14.0,4,False
2017_WCS_Austin,UnitOwnerChange,6.4,4,False
2017_WCS_Global_Finals,UnitOwnerChange,6.7,4,False
2017_WCS_Jonkoping,UnitOwnerChange,12.9,4,False
2017_WCS_Montreal,UnitOwnerChange,17.2,3,False
2017_WESG_Barcelona,UnitOwnerChange,6.8,3,False
2017_WESG_Haikou,UnitOwnerChange,7.6,4,False
2018_Cheeseadelphia_8,UnitOwnerChange,3.7,4,False
2018_HomeStory_Cup_XVII,UnitOwnerChange,5.5,3,False
2018_HomeStory_Cup_XVIII,UnitOwnerChange,15.5,6,False
2018_IEM_Katowice,UnitOwnerChange,9.6,4,False
2018_IEM_PyeongChang,UnitOwnerChange,5.6,2,False
2018_WCS_Austin,UnitOwnerChange,6.3,3,False
2018_WCS_Global_Finals,UnitOwnerChange,25.6,6,True
2018_WCS_Leipzig,UnitOwnerChange,8.1,3,False
2018_WCS_Montreal,UnitOwnerChange,7.8,4,False
2018_WCS_Valencia,UnitOwnerChange,8.8,3,False
2018_WESG_Grand_Finals,UnitOwnerChange,9.7,3,False
2019_Assembly_Summer,UnitOwnerChange,10.8,4,False
2019_HomeStory_Cup_XIX,UnitOwnerChange,10.6,5,False
2019_HomeStory_Cup_XX,UnitOwnerChange,9.9,4,False
2019_IEM_Katowice,UnitOwnerChange,8.4,4,False
2019_WCS_Fall,UnitOwnerChange,10.8,4,False
2019_WCS_Grand_Finals,UnitOwnerChange,14.9,4,False
2019_WCS_Spring,UnitOwnerChange,11.0,3,False
2019_WCS_Summer,UnitOwnerChange,14.5,4,False
2019_WCS_Winter,UnitOwnerChange,8.1,4,False
2020_05_Dreamhack_Last_Chance,UnitOwnerChange,7.9,4,False
2020_ASUS_ROG_Online,UnitOwnerChange,11.1,7,False
2020_Dreamhack_SC2_Masters_Fall,UnitOwnerChange,12.9,4,False
2020_Dreamhack_SC2_Masters_Summer,UnitOwnerChange,8.1,4,False
2020_IEM_Katowice,UnitOwnerChange,6.9,3,False
2020_StayAtHome_Story_Cup_1,UnitOwnerChange,9.3,4,False
2020_StayAtHome_Story_Cup_2,UnitOwnerChange,7.7,4,False
2020_TSL5,UnitOwnerChange,19.5,3,False
2020_TSL6,UnitOwnerChange,16.2,5,False
2021_ASUS_ROG_Fall,UnitOwnerChange,18.1,7,False
2021_Cheeseadelphia_Winter_Championship,UnitOwnerChange,2.6,2,True
2021_Dreamhack_SC2_Masters_Fall,UnitOwnerChange,12.6,4,False
2021_Dreamhack_SC2_Masters_Summer,UnitOwnerChange,10.3,3,False
2021_Dreamhack_SC2_Masters_Winter,UnitOwnerChange,13.4,4,False
2021_IEM_Katowice,UnitOwnerChange,17.1,4,False
2021_StayAtHome_Story_Cup_3,UnitOwnerChange,12.7,5,False
2021_StayAtHome_Story_Cup_4,UnitOwnerChange,16.3,5,False
2021_TSL7,UnitOwnerChange,12.8,3,False
2021_TSL8,UnitOwnerChange,9.7,4,False
2022_03_DH_SC2_Masters_Atlanta,UnitOwnerChange,12.8,4,False
2022_Dreamhack_SC2_Masters_Last_Chance2021,UnitOwnerChange,11.5,4,False
2022_Dreamhack_SC2_Masters_Valencia,UnitOwnerChange,10.7,3,False
2022_HomeStory_Cup_XXI,UnitOwnerChange,12.6,6,False
2022_HomeStory_Cup_XXII,UnitOwnerChange,6.8,4,False
2022_IEM_Katowice,UnitOwnerChange,19.6,7,False
2022_TSL9,UnitOwnerChange,10.9,3,False
2023_01_IEM_Katowice,UnitOwnerChange,15.4,3,False
2023_04_ESL_SC2_Masters_Summer_Finals,UnitOwnerChange,11.3,4,False
2023_05_Gamers8,UnitOwnerChange,19.8,6,False
2023_07_ESL_SC2_Masters_Winter_Finals,UnitOwnerChange,17.2,7,False
2023_HomeStory_Cup_XXIV,UnitOwnerChange,14.4,4,False
2024_01_IEM_Katowice,UnitOwnerChange,10.8,4,False
2024_03_ESL_SC2_Masters_Spring_Finals,UnitOwnerChange,10.2,5,False
2024_05_EWC,UnitOwnerChange,14.9,6,False
2024_HomeStory_Cup_XXV,UnitOwnerChange,10.9,9,False
2024_HomeStory_Cup_XXVI,UnitOwnerChange,15.8,8,False
2024_StaraZagora_BellumGensElite,UnitOwnerChange,8.7,2,False
2016_IEM_10_Taipei,UnitPositions,36.9,30,False
2016_IEM_11_Shanghai,UnitPositions,38.4,35,False
2016_WCS_Winter,UnitPositions,37.8,35,False
2017_HomeStory_Cup_XV,UnitPositions,36.5,35,False
2017_HomeStory_Cup_XVI,UnitPositions,40.3,34,False
2017_IEM_Shanghai,UnitPositions,45.4,40,False
2017_IEM_XI_World_Championship_Katowice,UnitPositions,38.3,34,False
2017_WCS_Austin,UnitPositions,37.2,33,False
2017_WCS_Global_Finals,UnitPositions,41.8,36,False
2017_WCS_Jonkoping,UnitPositions,41.5,35,False
2017_WCS_Montreal,UnitPositions,35.0,30,False
2017_WESG_Barcelona,UnitPositions,37.2,31,False
2017_WESG_Haikou,UnitPositions,40.3,34,False
2018_Cheeseadelphia_8,UnitPositions,34.5,32,False
2018_HomeStory_Cup_XVII,UnitPositions,39.2,34,False
2018_HomeStory_Cup_XVIII,UnitPositions,40.7,33,False
2018_IEM_Katowice,UnitPositions,40.5,35,False
2018_IEM_PyeongChang,UnitPositions,35.6,32,False
2018_WCS_Austin,UnitPositions,35.9,30,False
2018_WCS_Global_Finals,UnitPositions,44.9,38,False
2018_WCS_Leipzig,UnitPositions,37.0,31,False
2018_WCS_Montreal,UnitPositions,35.5,32,False
2018_WCS_Valencia,UnitPositions,37.9,33,False
2018_WESG_Grand_Finals,UnitPositions,32.9,27,False
2019_Assembly_Summer,UnitPositions,42.0,38,False
2019_HomeStory_Cup_XIX,UnitPositions,38.7,33,False
2019_HomeStory_Cup_XX,UnitPositions,43.0,38,False
2019_IEM_Katowice,UnitPositions,37.8,34,False
2019_WCS_Fall,UnitPositions,40.4,34,False
2019_WCS_Grand_Finals,UnitPositions,50.6,43,False
2019_WCS_Spring,UnitPositions,38.6,33,False
2019_WCS_Summer,UnitPositions,41.9,36,False
2019_WCS_Winter,UnitPositions,40.4,35,False
2020_05_Dreamhack_Last_Chance,UnitPositions,49.7,43,False
2020_ASUS_ROG_Online,UnitPositions,51.7,47,False
2020_Dreamhack_SC2_Masters_Fall,UnitPositions,47.1,42,False
2020_Dreamhack_SC2_Masters_Summer,UnitPositions,41.9,37,False
2020_IEM_Katowice,UnitPositions,38.6,34,False
2020_StayAtHome_Story_Cup_1,UnitPositions,40.1,35,False
2020_StayAtHome_Story_Cup_2,UnitPositions,39.0,35,False
2020_TSL5,UnitPositions,39.6,33,False
2020_TSL6,UnitPositions,46.1,41,False
2021_ASUS_ROG_Fall,UnitPositions,52.1,46,False
2021_Cheeseadelphia_Winter_Championship,UnitPositions,36.8,38,False
2021_Dreamhack_SC2_Masters_Fall,UnitPositions,44.0,39,False
2021_Dreamhack_SC2_Masters_Summer,UnitPositions,44.2,38,False
2021_Dreamhack_SC2_Masters_Winter,UnitPositions,44.4,37,False
2021_IEM_Katowice,UnitPositions,45.5,38,False
2021_StayAtHome_Story_Cup_3,UnitPositions,42.7,38,False
2021_StayAtHome_Story_Cup_4,UnitPositions,45.7,38,False
2021_TSL7,UnitPositions,44.8,40,False
2021_TSL8,UnitPositions,44.1,37,False
2022_03_DH_SC2_Masters_Atlanta,UnitPositions,43.3,36,False
2022_Dreamhack_SC2_Masters_Last_Chance2021,UnitPositions,43.3,37,False
2022_Dreamhack_SC2_Masters_Valencia,UnitPositions,44.7,39,False
2022_HomeStory_Cup_XXI,UnitPositions,57.6,51,True
2022_HomeStory_Cup_XXII,UnitPositions,44.9,39,False
2022_IEM_Katowice,UnitPositions,49.7,42,False
2022_TSL9,UnitPositions,45.6,37,False
2023_01_IEM_Katowice,UnitPositions,46.6,39,False
2023_04_ESL_SC2_Masters_Summer_Finals,UnitPositions,42.3,37,False
2023_05_Gamers8,UnitPositions,59.6,52,True
2023_07_ESL_SC2_Masters_Winter_Finals,UnitPositions,49.4,42,False
2023_HomeStory_Cup_XXIV,UnitPositions,45.1,37,False
2024_01_IEM_Katowice,UnitPositions,47.9,41,False
2024_03_ESL_SC2_Masters_Spring_Finals,UnitPositions,44.0,37,False
2024_05_EWC,UnitPositions,52.2,44,False
2024_HomeStory_Cup_XXV,UnitPositions,38.1,34,False
2024_HomeStory_Cup_XXVI,UnitPositions,42.9,38,False
2024_StaraZagora_BellumGensElite,UnitPositions,46.6,39,False
2016_IEM_10_Taipei,UnitTypeChange,307.3,80,False
2016_IEM_11_Shanghai,UnitTypeChange,412.2,340,False
2016_WCS_Winter,UnitTypeChange,504.9,460,False
2017_HomeStory_Cup_XV,UnitTypeChange,378.8,176,False
2017_HomeStory_Cup_XVI,UnitTypeChange,534.4,439,False
2017_IEM_Shanghai,UnitTypeChange,643.5,436,False
2017_IEM_XI_World_Championship_Katowice,UnitTypeChange,439.7,266,False
2017_WCS_Austin,UnitTypeChange,504.7,415,False
2017_WCS_Global_Finals,UnitTypeChange,635.6,507,False
2017_WCS_Jonkoping,UnitTypeChange,535.2,402,False
2017_WCS_Montreal,UnitTypeChange,435.4,324,False
2017_WESG_Barcelona,UnitTypeChange,626.8,536,False
2017_WESG_Haikou,UnitTypeChange,595.8,460,False
2018_Cheeseadelphia_8,UnitTypeChange,175.0,88,True
2018_HomeStory_Cup_XVII,UnitTypeChange,522.2,344,False
2018_HomeStory_Cup_XVIII,UnitTypeChange,555.3,359,False
2018_IEM_Katowice,UnitTypeChange,474.0,316,False
2018_IEM_PyeongChang,UnitTypeChange,458.5,411,False
2018_WCS_Austin,UnitTypeChange,463.2,338,False
2018_WCS_Global_Finals,UnitTypeChange,564.0,329,False
2018_WCS_Leipzig,UnitTypeChange,503.1,376,False
2018_WCS_Montreal,UnitTypeChange,495.3,354,False
2018_WCS_Valencia,UnitTypeChange,504.5,416,False
2018_WESG_Grand_Finals,UnitTypeChange,430.2,324,False
2019_Assembly_Summer,UnitTypeChange,528.0,291,False
2019_HomeStory_Cup_XIX,UnitTypeChange,568.5,453,False
2019_HomeStory_Cup_XX,UnitTypeChange,572.7,376,False
2019_IEM_Katowice,UnitTypeChange,431.7,330,False
2019_WCS_Fall,UnitTypeChange,463.8,282,False
2019_WCS_Grand_Finals,UnitTypeChange,794.8,614,True
2019_WCS_Spring,UnitTypeChange,446.0,285,False
2019_WCS_Summer,UnitTypeChange,525.1,385,False
2019_WCS_Winter,UnitTypeChange,484.9,354,False
2020_05_Dreamhack_Last_Chance,UnitTypeChange,686.3,497,False
2020_ASUS_ROG_Online,UnitTypeChange,675.7,461,False
2020_Dreamhack_SC2_Masters_Fall,UnitTypeChange,546.0,365,False
2020_Dreamhack_SC2_Masters_Summer,UnitTypeChange,470.0,261,False
2020_IEM_Katowice,UnitTypeChange,387.0,192,False
2020_StayAtHome_Story_Cup_1,UnitTypeChange,554.2,372,False
2020_StayAtHome_Story_Cup_2,UnitTypeChange,449.0,216,False
2020_TSL5,UnitTypeChange,527.0,301,False
2020_TSL6,UnitTypeChange,752.7,572,False
2021_ASUS_ROG_Fall,UnitTypeChange,800.0,522,True
2021_Cheeseadelphia_Winter_Championship,UnitTypeChange,335.5,200,False
2021_Dreamhack_SC2_Masters_Fall,UnitTypeChange,398.6,150,False
2021_Dreamhack_SC2_Masters_Summer,UnitTypeChange,447.9,230,False
2021_Dreamhack_SC2_Masters_Winter,UnitTypeChange,419.9,167,False
2021_IEM_Katowice,UnitTypeChange,577.9,264,False
2021_StayAtHome_Story_Cup_3,UnitTypeChange,556.6,372,False
2021_StayAtHome_Story_Cup_4,UnitTypeChange,604.9,414,False
2021_TSL7,UnitTypeChange,553.4,393,False
2021_TSL8,UnitTypeChange,614.7,488,False
2022_03_DH_SC2_Masters_Atlanta,UnitTypeChange,405.6,136,False
2022_Dreamhack_SC2_Masters_Last_Chance2021,UnitTypeChange,511.4,334,False
2022_Dreamhack_SC2_Masters_Valencia,UnitTypeChange,427.6,138,False
2022_HomeStory_Cup_XXI,UnitTypeChange,938.8,784,True
2022_HomeStory_Cup_XXII,UnitTypeChange,517.3,346,False
2022_IEM_Katowice,UnitTypeChange,595.7,276,False
2022_TSL9,UnitTypeChange,590.0,409,False
2023_01_IEM_Katowice,UnitTypeChange,614.5,465,False
2023_04_ESL_SC2_Masters_Summer_Finals,UnitTypeChange,446.2,166,False
2023_05_Gamers8,UnitTypeChange,846.7,624,True
2023_07_ESL_SC2_Masters_Winter_Finals,UnitTypeChange,616.0,284,False
2023_HomeStory_Cup_XXIV,UnitTypeChange,546.4,412,False
2024_01_IEM_Katowice,UnitTypeChange,537.1,234,False
2024_03_ESL_SC2_Masters_Spring_Finals,UnitTypeChange,502.7,257,False
2024_05_EWC,UnitTypeChange,584.9,346,False
2024_HomeStory_Cup_XXV,UnitTypeChange,247.3,93,True
2024_HomeStory_Cup_XXVI,UnitTypeChange,434.3,214,False
2024_StaraZagora_BellumGensElite,UnitTypeChange,523.8,288,False
2016_IEM_10_Taipei,Upgrade,8.6,8,True
2016_IEM_11_Shanghai,Upgrade,8.8,9,True
2016_WCS_Winter,Upgrade,24.8,25,False
2017_HomeStory_Cup_XV,Upgrade,48.6,37,False
2017_HomeStory_Cup_XVI,Upgrade,41.0,36,False
2017_IEM_Shanghai,Upgrade,40.5,28,False
2017_IEM_XI_World_Championship_Katowice,Upgrade,24.3,22,False
2017_WCS_Austin,Upgrade,24.0,21,False
2017_WCS_Global_Finals,Upgrade,27.8,24,False
2017_WCS_Jonkoping,Upgrade,31.3,25,False
2017_WCS_Montreal,Upgrade,22.9,20,False
2017_WESG_Barcelona,Upgrade,40.3,38,False
2017_WESG_Haikou,Upgrade,30.7,26,False
2018_Cheeseadelphia_8,Upgrade,37.1,36,False
2018_HomeStory_Cup_XVII,Upgrade,42.2,39,False
2018_HomeStory_Cup_XVIII,Upgrade,41.8,38,False
2018_IEM_Katowice,Upgrade,26.5,22,False
2018_IEM_PyeongChang,Upgrade,24.3,22,False
2018_WCS_Austin,Upgrade,25.8,22,False
2018_WCS_Global_Finals,Upgrade,29.0,26,False
2018_WCS_Leipzig,Upgrade,24.6,20,False
2018_WCS_Montreal,Upgrade,24.9,23,False
2018_WCS_Valencia,Upgrade,26.0,23,False
2018_WESG_Grand_Finals,Upgrade,24.0,21,False
2019_Assembly_Summer,Upgrade,39.8,35,False
2019_HomeStory_Cup_XIX,Upgrade,41.9,39,False
2019_HomeStory_Cup_XX,Upgrade,47.1,43,False
2019_IEM_Katowice,Upgrade,25.9,23,False
2019_WCS_Fall,Upgrade,28.2,24,False
2019_WCS_Grand_Finals,Upgrade,37.0,33,False
2019_WCS_Spring,Upgrade,27.6,22,False
2019_WCS_Summer,Upgrade,29.3,25,False
2019_WCS_Winter,Upgrade,44.1,41,False
2020_05_Dreamhack_Last_Chance,Upgrade,48.2,44,False
2020_ASUS_ROG_Online,Upgrade,50.3,48,False
2020_Dreamhack_SC2_Masters_Fall,Upgrade,49.5,46,False
2020_Dreamhack_SC2_Masters_Summer,Upgrade,45.9,42,False
2020_IEM_Katowice,Upgrade,27.4,24,False
2020_StayAtHome_Story_Cup_1,Upgrade,43.5,40,False
2020_StayAtHome_Story_Cup_2,Upgrade,42.1,37,False
2020_TSL5,Upgrade,46.2,40,False
2020_TSL6,Upgrade,48.6,44,False
2021_ASUS_ROG_Fall,Upgrade,51.0,45,False
2021_Cheeseadelphia_Winter_Championship,Upgrade,39.1,38,False
2021_Dreamhack_SC2_Masters_Fall,Upgrade,32.2,29,False
2021_Dreamhack_SC2_Masters_Summer,Upgrade,48.3,45,False
2021_Dreamhack_SC2_Masters_Winter,Upgrade,32.6,29,False
2021_IEM_Katowice,Upgrade,35.3,30,False
2021_StayAtHome_Story_Cup_3,Upgrade,44.4,39,False
2021_StayAtHome_Story_Cup_4,Upgrade,46.4,41,False
2021_TSL7,Upgrade,44.3,43,False
2021_TSL8,Upgrade,47.6,42,False
2022_03_DH_SC2_Masters_Atlanta,Upgrade,30.7,26,False
2022_Dreamhack_SC2_Masters_Last_Chance2021,Upgrade,43.7,40,False
2022_Dreamhack_SC2_Masters_Valencia,Upgrade,32.2,28,False
2022_HomeStory_Cup_XXI,Upgrade,58.5,54,True
2022_HomeStory_Cup_XXII,Upgrade,45.5,43,False
2022_IEM_Katowice,Upgrade,38.0,32,False
2022_TSL9,Upgrade,49.4,42,False
2023_01_IEM_Katowice,Upgrade,35.4,29,False
2023_04_ESL_SC2_Masters_Summer_Finals,Upgrade,29.7,26,False
2023_05_Gamers8,Upgrade,42.0,34,False
2023_07_ESL_SC2_Masters_Winter_Finals,Upgrade,36.9,32,False
2023_HomeStory_Cup_XXIV,Upgrade,49.8,45,False
2024_01_IEM_Katowice,Upgrade,44.1,40,False
2024_03_ESL_SC2_Masters_Spring_Finals,Upgrade,33.5,28,False
2024_05_EWC,Upgrade,40.3,34,False
2024_HomeStory_Cup_XXV,Upgrade,43.5,40,False
2024_HomeStory_Cup_XXVI,Upgrade,50.3,44,False
2024_StaraZagora_BellumGensElite,Upgrade,50.4,45,False
