dataset_tag,quarter,feature_name,metric_name,metric_value,reference_window_id,cohort_threshold,sample_size,notes
aoestats,2023-Q1,focal_old_rating,psi,0.037,2022-Q3-patch66692,10,4442,"continuous decile PSI n_bins=10 aoestats analyzes 15 columns (spec §1 has 9 core columns; extended with focal_old_rating, faction, opponent_faction, p0_is_unrated, p1_is_unrated, map, patch for aoestats-specific richness). metric_name values: psi, cohen_h, cohen_d, icc -- overlap with sibling plans."
aoestats,2023-Q1,avg_elo,psi,0.0353,2022-Q3-patch66692,10,4442,"continuous decile PSI n_bins=10 aoestats analyzes 15 columns (spec §1 has 9 core columns; extended with focal_old_rating, faction, opponent_faction, p0_is_unrated, p1_is_unrated, map, patch for aoestats-specific richness). metric_name values: psi, cohen_h, cohen_d, icc -- overlap with sibling plans."
aoestats,2023-Q1,faction,psi,0.2254,2022-Q3-patch66692,10,4442,"categorical PSI with __unseen__ bin; n_ref_cats=42; unseen_tested=0 aoestats analyzes 15 columns (spec §1 has 9 core columns; extended with focal_old_rating, faction, opponent_faction, p0_is_unrated, p1_is_unrated, map, patch for aoestats-specific richness). metric_name values: psi, cohen_h, cohen_d, icc -- overlap with sibling plans."
aoestats,2023-Q1,opponent_faction,psi,0.0483,2022-Q3-patch66692,10,4442,"categorical PSI with __unseen__ bin; n_ref_cats=42; unseen_tested=0 aoestats analyzes 15 columns (spec §1 has 9 core columns; extended with focal_old_rating, faction, opponent_faction, p0_is_unrated, p1_is_unrated, map, patch for aoestats-specific richness). metric_name values: psi, cohen_h, cohen_d, icc -- overlap with sibling plans."
aoestats,2023-Q1,mirror,cohen_h,0.0987,2022-Q3-patch66692,10,4442,"binary exact-value Cohen h; ref_rate=0.0507 test_rate=0.0745 (spec §3 metric_name=cohen_h) aoestats analyzes 15 columns (spec §1 has 9 core columns; extended with focal_old_rating, faction, opponent_faction, p0_is_unrated, p1_is_unrated, map, patch for aoestats-specific richness). metric_name values: psi, cohen_h, cohen_d, icc -- overlap with sibling plans."
aoestats,2023-Q1,p0_is_unrated,cohen_h,0.0318,2022-Q3-patch66692,10,4442,"binary exact-value Cohen h; ref_rate=0.0003 test_rate=0.0000 (spec §3 metric_name=cohen_h) aoestats analyzes 15 columns (spec §1 has 9 core columns; extended with focal_old_rating, faction, opponent_faction, p0_is_unrated, p1_is_unrated, map, patch for aoestats-specific richness). metric_name values: psi, cohen_h, cohen_d, icc -- overlap with sibling plans."
aoestats,2023-Q1,p1_is_unrated,cohen_h,0.0,2022-Q3-patch66692,10,4442,"binary exact-value Cohen h; ref_rate=0.0000 test_rate=0.0000 (spec §3 metric_name=cohen_h) aoestats analyzes 15 columns (spec §1 has 9 core columns; extended with focal_old_rating, faction, opponent_faction, p0_is_unrated, p1_is_unrated, map, patch for aoestats-specific richness). metric_name values: psi, cohen_h, cohen_d, icc -- overlap with sibling plans."
aoestats,2023-Q1,map,psi,3.969,2022-Q3-patch66692,10,4442,"categorical PSI with __unseen__ bin; n_ref_cats=23; unseen_tested=406 aoestats analyzes 15 columns (spec §1 has 9 core columns; extended with focal_old_rating, faction, opponent_faction, p0_is_unrated, p1_is_unrated, map, patch for aoestats-specific richness). metric_name values: psi, cohen_h, cohen_d, icc -- overlap with sibling plans."
aoestats,2023-Q2,focal_old_rating,psi,0.0806,2022-Q3-patch66692,10,32826,"continuous decile PSI n_bins=10 aoestats analyzes 15 columns (spec §1 has 9 core columns; extended with focal_old_rating, faction, opponent_faction, p0_is_unrated, p1_is_unrated, map, patch for aoestats-specific richness). metric_name values: psi, cohen_h, cohen_d, icc -- overlap with sibling plans."
aoestats,2023-Q2,avg_elo,psi,0.0793,2022-Q3-patch66692,10,32826,"continuous decile PSI n_bins=10 aoestats analyzes 15 columns (spec §1 has 9 core columns; extended with focal_old_rating, faction, opponent_faction, p0_is_unrated, p1_is_unrated, map, patch for aoestats-specific richness). metric_name values: psi, cohen_h, cohen_d, icc -- overlap with sibling plans."
aoestats,2023-Q2,faction,psi,0.2592,2022-Q3-patch66692,10,32826,"categorical PSI with __unseen__ bin; n_ref_cats=42; unseen_tested=30 aoestats analyzes 15 columns (spec §1 has 9 core columns; extended with focal_old_rating, faction, opponent_faction, p0_is_unrated, p1_is_unrated, map, patch for aoestats-specific richness). metric_name values: psi, cohen_h, cohen_d, icc -- overlap with sibling plans."
aoestats,2023-Q2,opponent_faction,psi,0.0859,2022-Q3-patch66692,10,32826,"categorical PSI with __unseen__ bin; n_ref_cats=42; unseen_tested=36 aoestats analyzes 15 columns (spec §1 has 9 core columns; extended with focal_old_rating, faction, opponent_faction, p0_is_unrated, p1_is_unrated, map, patch for aoestats-specific richness). metric_name values: psi, cohen_h, cohen_d, icc -- overlap with sibling plans."
aoestats,2023-Q2,mirror,cohen_h,0.0173,2022-Q3-patch66692,10,32826,"binary exact-value Cohen h; ref_rate=0.0507 test_rate=0.0546 (spec §3 metric_name=cohen_h) aoestats analyzes 15 columns (spec §1 has 9 core columns; extended with focal_old_rating, faction, opponent_faction, p0_is_unrated, p1_is_unrated, map, patch for aoestats-specific richness). metric_name values: psi, cohen_h, cohen_d, icc -- overlap with sibling plans."
aoestats,2023-Q2,p0_is_unrated,cohen_h,0.0318,2022-Q3-patch66692,10,32826,"binary exact-value Cohen h; ref_rate=0.0003 test_rate=0.0000 (spec §3 metric_name=cohen_h) aoestats analyzes 15 columns (spec §1 has 9 core columns; extended with focal_old_rating, faction, opponent_faction, p0_is_unrated, p1_is_unrated, map, patch for aoestats-specific richness). metric_name values: psi, cohen_h, cohen_d, icc -- overlap with sibling plans."
aoestats,2023-Q2,p1_is_unrated,cohen_h,0.0,2022-Q3-patch66692,10,32826,"binary exact-value Cohen h; ref_rate=0.0000 test_rate=0.0000 (spec §3 metric_name=cohen_h) aoestats analyzes 15 columns (spec §1 has 9 core columns; extended with focal_old_rating, faction, opponent_faction, p0_is_unrated, p1_is_unrated, map, patch for aoestats-specific richness). metric_name values: psi, cohen_h, cohen_d, icc -- overlap with sibling plans."
aoestats,2023-Q2,map,psi,3.8579,2022-Q3-patch66692,10,32826,"categorical PSI with __unseen__ bin; n_ref_cats=23; unseen_tested=3341 aoestats analyzes 15 columns (spec §1 has 9 core columns; extended with focal_old_rating, faction, opponent_faction, p0_is_unrated, p1_is_unrated, map, patch for aoestats-specific richness). metric_name values: psi, cohen_h, cohen_d, icc -- overlap with sibling plans."
aoestats,2023-Q3,focal_old_rating,psi,0.1023,2022-Q3-patch66692,10,23832,"continuous decile PSI n_bins=10 aoestats analyzes 15 columns (spec §1 has 9 core columns; extended with focal_old_rating, faction, opponent_faction, p0_is_unrated, p1_is_unrated, map, patch for aoestats-specific richness). metric_name values: psi, cohen_h, cohen_d, icc -- overlap with sibling plans."
aoestats,2023-Q3,avg_elo,psi,0.0973,2022-Q3-patch66692,10,23832,"continuous decile PSI n_bins=10 aoestats analyzes 15 columns (spec §1 has 9 core columns; extended with focal_old_rating, faction, opponent_faction, p0_is_unrated, p1_is_unrated, map, patch for aoestats-specific richness). metric_name values: psi, cohen_h, cohen_d, icc -- overlap with sibling plans."
aoestats,2023-Q3,faction,psi,0.5335,2022-Q3-patch66692,10,23832,"categorical PSI with __unseen__ bin; n_ref_cats=42; unseen_tested=305 aoestats analyzes 15 columns (spec §1 has 9 core columns; extended with focal_old_rating, faction, opponent_faction, p0_is_unrated, p1_is_unrated, map, patch for aoestats-specific richness). metric_name values: psi, cohen_h, cohen_d, icc -- overlap with sibling plans."
aoestats,2023-Q3,opponent_faction,psi,0.4958,2022-Q3-patch66692,10,23832,"categorical PSI with __unseen__ bin; n_ref_cats=42; unseen_tested=523 aoestats analyzes 15 columns (spec §1 has 9 core columns; extended with focal_old_rating, faction, opponent_faction, p0_is_unrated, p1_is_unrated, map, patch for aoestats-specific richness). metric_name values: psi, cohen_h, cohen_d, icc -- overlap with sibling plans."
aoestats,2023-Q3,mirror,cohen_h,0.0484,2022-Q3-patch66692,10,23832,"binary exact-value Cohen h; ref_rate=0.0507 test_rate=0.0406 (spec §3 metric_name=cohen_h) aoestats analyzes 15 columns (spec §1 has 9 core columns; extended with focal_old_rating, faction, opponent_faction, p0_is_unrated, p1_is_unrated, map, patch for aoestats-specific richness). metric_name values: psi, cohen_h, cohen_d, icc -- overlap with sibling plans."
aoestats,2023-Q3,p0_is_unrated,cohen_h,0.0318,2022-Q3-patch66692,10,23832,"binary exact-value Cohen h; ref_rate=0.0003 test_rate=0.0000 (spec §3 metric_name=cohen_h) aoestats analyzes 15 columns (spec §1 has 9 core columns; extended with focal_old_rating, faction, opponent_faction, p0_is_unrated, p1_is_unrated, map, patch for aoestats-specific richness). metric_name values: psi, cohen_h, cohen_d, icc -- overlap with sibling plans."
aoestats,2023-Q3,p1_is_unrated,cohen_h,0.0,2022-Q3-patch66692,10,23832,"binary exact-value Cohen h; ref_rate=0.0000 test_rate=0.0000 (spec §3 metric_name=cohen_h) aoestats analyzes 15 columns (spec §1 has 9 core columns; extended with focal_old_rating, faction, opponent_faction, p0_is_unrated, p1_is_unrated, map, patch for aoestats-specific richness). metric_name values: psi, cohen_h, cohen_d, icc -- overlap with sibling plans."
aoestats,2023-Q3,map,psi,6.589,2022-Q3-patch66692,10,23832,"categorical PSI with __unseen__ bin; n_ref_cats=23; unseen_tested=4083 aoestats analyzes 15 columns (spec §1 has 9 core columns; extended with focal_old_rating, faction, opponent_faction, p0_is_unrated, p1_is_unrated, map, patch for aoestats-specific richness). metric_name values: psi, cohen_h, cohen_d, icc -- overlap with sibling plans."
aoestats,2023-Q4,focal_old_rating,psi,0.1615,2022-Q3-patch66692,10,26298,"continuous decile PSI n_bins=10 aoestats analyzes 15 columns (spec §1 has 9 core columns; extended with focal_old_rating, faction, opponent_faction, p0_is_unrated, p1_is_unrated, map, patch for aoestats-specific richness). metric_name values: psi, cohen_h, cohen_d, icc -- overlap with sibling plans."
aoestats,2023-Q4,avg_elo,psi,0.1552,2022-Q3-patch66692,10,26298,"continuous decile PSI n_bins=10 aoestats analyzes 15 columns (spec §1 has 9 core columns; extended with focal_old_rating, faction, opponent_faction, p0_is_unrated, p1_is_unrated, map, patch for aoestats-specific richness). metric_name values: psi, cohen_h, cohen_d, icc -- overlap with sibling plans."
aoestats,2023-Q4,faction,psi,0.7699,2022-Q3-patch66692,10,26298,"categorical PSI with __unseen__ bin; n_ref_cats=42; unseen_tested=645 aoestats analyzes 15 columns (spec §1 has 9 core columns; extended with focal_old_rating, faction, opponent_faction, p0_is_unrated, p1_is_unrated, map, patch for aoestats-specific richness). metric_name values: psi, cohen_h, cohen_d, icc -- overlap with sibling plans."
aoestats,2023-Q4,opponent_faction,psi,0.8941,2022-Q3-patch66692,10,26298,"categorical PSI with __unseen__ bin; n_ref_cats=42; unseen_tested=1040 aoestats analyzes 15 columns (spec §1 has 9 core columns; extended with focal_old_rating, faction, opponent_faction, p0_is_unrated, p1_is_unrated, map, patch for aoestats-specific richness). metric_name values: psi, cohen_h, cohen_d, icc -- overlap with sibling plans."
aoestats,2023-Q4,mirror,cohen_h,0.0434,2022-Q3-patch66692,10,26298,"binary exact-value Cohen h; ref_rate=0.0507 test_rate=0.0416 (spec §3 metric_name=cohen_h) aoestats analyzes 15 columns (spec §1 has 9 core columns; extended with focal_old_rating, faction, opponent_faction, p0_is_unrated, p1_is_unrated, map, patch for aoestats-specific richness). metric_name values: psi, cohen_h, cohen_d, icc -- overlap with sibling plans."
aoestats,2023-Q4,p0_is_unrated,cohen_h,0.0195,2022-Q3-patch66692,10,26298,"binary exact-value Cohen h; ref_rate=0.0003 test_rate=0.0000 (spec §3 metric_name=cohen_h) aoestats analyzes 15 columns (spec §1 has 9 core columns; extended with focal_old_rating, faction, opponent_faction, p0_is_unrated, p1_is_unrated, map, patch for aoestats-specific richness). metric_name values: psi, cohen_h, cohen_d, icc -- overlap with sibling plans."
aoestats,2023-Q4,p1_is_unrated,cohen_h,0.0,2022-Q3-patch66692,10,26298,"binary exact-value Cohen h; ref_rate=0.0000 test_rate=0.0000 (spec §3 metric_name=cohen_h) aoestats analyzes 15 columns (spec §1 has 9 core columns; extended with focal_old_rating, faction, opponent_faction, p0_is_unrated, p1_is_unrated, map, patch for aoestats-specific richness). metric_name values: psi, cohen_h, cohen_d, icc -- overlap with sibling plans."
aoestats,2023-Q4,map,psi,7.8564,2022-Q3-patch66692,10,26298,"categorical PSI with __unseen__ bin; n_ref_cats=23; unseen_tested=5101 aoestats analyzes 15 columns (spec §1 has 9 core columns; extended with focal_old_rating, faction, opponent_faction, p0_is_unrated, p1_is_unrated, map, patch for aoestats-specific richness). metric_name values: psi, cohen_h, cohen_d, icc -- overlap with sibling plans."
aoestats,2024-Q1,focal_old_rating,psi,0.1565,2022-Q3-patch66692,10,25018,"continuous decile PSI n_bins=10 aoestats analyzes 15 columns (spec §1 has 9 core columns; extended with focal_old_rating, faction, opponent_faction, p0_is_unrated, p1_is_unrated, map, patch for aoestats-specific richness). metric_name values: psi, cohen_h, cohen_d, icc -- overlap with sibling plans."
aoestats,2024-Q1,avg_elo,psi,0.1543,2022-Q3-patch66692,10,25018,"continuous decile PSI n_bins=10 aoestats analyzes 15 columns (spec §1 has 9 core columns; extended with focal_old_rating, faction, opponent_faction, p0_is_unrated, p1_is_unrated, map, patch for aoestats-specific richness). metric_name values: psi, cohen_h, cohen_d, icc -- overlap with sibling plans."
aoestats,2024-Q1,faction,psi,0.657,2022-Q3-patch66692,10,25018,"categorical PSI with __unseen__ bin; n_ref_cats=42; unseen_tested=556 aoestats analyzes 15 columns (spec §1 has 9 core columns; extended with focal_old_rating, faction, opponent_faction, p0_is_unrated, p1_is_unrated, map, patch for aoestats-specific richness). metric_name values: psi, cohen_h, cohen_d, icc -- overlap with sibling plans."
aoestats,2024-Q1,opponent_faction,psi,0.8124,2022-Q3-patch66692,10,25018,"categorical PSI with __unseen__ bin; n_ref_cats=42; unseen_tested=879 aoestats analyzes 15 columns (spec §1 has 9 core columns; extended with focal_old_rating, faction, opponent_faction, p0_is_unrated, p1_is_unrated, map, patch for aoestats-specific richness). metric_name values: psi, cohen_h, cohen_d, icc -- overlap with sibling plans."
aoestats,2024-Q1,mirror,cohen_h,0.0662,2022-Q3-patch66692,10,25018,"binary exact-value Cohen h; ref_rate=0.0507 test_rate=0.0372 (spec §3 metric_name=cohen_h) aoestats analyzes 15 columns (spec §1 has 9 core columns; extended with focal_old_rating, faction, opponent_faction, p0_is_unrated, p1_is_unrated, map, patch for aoestats-specific richness). metric_name values: psi, cohen_h, cohen_d, icc -- overlap with sibling plans."
aoestats,2024-Q1,p0_is_unrated,cohen_h,0.0318,2022-Q3-patch66692,10,25018,"binary exact-value Cohen h; ref_rate=0.0003 test_rate=0.0000 (spec §3 metric_name=cohen_h) aoestats analyzes 15 columns (spec §1 has 9 core columns; extended with focal_old_rating, faction, opponent_faction, p0_is_unrated, p1_is_unrated, map, patch for aoestats-specific richness). metric_name values: psi, cohen_h, cohen_d, icc -- overlap with sibling plans."
aoestats,2024-Q1,p1_is_unrated,cohen_h,0.0,2022-Q3-patch66692,10,25018,"binary exact-value Cohen h; ref_rate=0.0000 test_rate=0.0000 (spec §3 metric_name=cohen_h) aoestats analyzes 15 columns (spec §1 has 9 core columns; extended with focal_old_rating, faction, opponent_faction, p0_is_unrated, p1_is_unrated, map, patch for aoestats-specific richness). metric_name values: psi, cohen_h, cohen_d, icc -- overlap with sibling plans."
aoestats,2024-Q1,map,psi,7.6332,2022-Q3-patch66692,10,25018,"categorical PSI with __unseen__ bin; n_ref_cats=23; unseen_tested=4395 aoestats analyzes 15 columns (spec §1 has 9 core columns; extended with focal_old_rating, faction, opponent_faction, p0_is_unrated, p1_is_unrated, map, patch for aoestats-specific richness). metric_name values: psi, cohen_h, cohen_d, icc -- overlap with sibling plans."
aoestats,2024-Q2,focal_old_rating,psi,0.2666,2022-Q3-patch66692,10,22503,"continuous decile PSI n_bins=10 aoestats analyzes 15 columns (spec §1 has 9 core columns; extended with focal_old_rating, faction, opponent_faction, p0_is_unrated, p1_is_unrated, map, patch for aoestats-specific richness). metric_name values: psi, cohen_h, cohen_d, icc -- overlap with sibling plans."
aoestats,2024-Q2,avg_elo,psi,0.2646,2022-Q3-patch66692,10,22505,"continuous decile PSI n_bins=10 aoestats analyzes 15 columns (spec §1 has 9 core columns; extended with focal_old_rating, faction, opponent_faction, p0_is_unrated, p1_is_unrated, map, patch for aoestats-specific richness). metric_name values: psi, cohen_h, cohen_d, icc -- overlap with sibling plans."
aoestats,2024-Q2,faction,psi,0.7834,2022-Q3-patch66692,10,22505,"categorical PSI with __unseen__ bin; n_ref_cats=42; unseen_tested=649 aoestats analyzes 15 columns (spec §1 has 9 core columns; extended with focal_old_rating, faction, opponent_faction, p0_is_unrated, p1_is_unrated, map, patch for aoestats-specific richness). metric_name values: psi, cohen_h, cohen_d, icc -- overlap with sibling plans."
aoestats,2024-Q2,opponent_faction,psi,0.967,2022-Q3-patch66692,10,22505,"categorical PSI with __unseen__ bin; n_ref_cats=42; unseen_tested=958 aoestats analyzes 15 columns (spec §1 has 9 core columns; extended with focal_old_rating, faction, opponent_faction, p0_is_unrated, p1_is_unrated, map, patch for aoestats-specific richness). metric_name values: psi, cohen_h, cohen_d, icc -- overlap with sibling plans."
aoestats,2024-Q2,mirror,cohen_h,0.0668,2022-Q3-patch66692,10,22505,"binary exact-value Cohen h; ref_rate=0.0507 test_rate=0.0371 (spec §3 metric_name=cohen_h) aoestats analyzes 15 columns (spec §1 has 9 core columns; extended with focal_old_rating, faction, opponent_faction, p0_is_unrated, p1_is_unrated, map, patch for aoestats-specific richness). metric_name values: psi, cohen_h, cohen_d, icc -- overlap with sibling plans."
aoestats,2024-Q2,p0_is_unrated,cohen_h,0.0051,2022-Q3-patch66692,10,22505,"binary exact-value Cohen h; ref_rate=0.0003 test_rate=0.0002 (spec §3 metric_name=cohen_h) aoestats analyzes 15 columns (spec §1 has 9 core columns; extended with focal_old_rating, faction, opponent_faction, p0_is_unrated, p1_is_unrated, map, patch for aoestats-specific richness). metric_name values: psi, cohen_h, cohen_d, icc -- overlap with sibling plans."
aoestats,2024-Q2,p1_is_unrated,cohen_h,0.0,2022-Q3-patch66692,10,22505,"binary exact-value Cohen h; ref_rate=0.0000 test_rate=0.0000 (spec §3 metric_name=cohen_h) aoestats analyzes 15 columns (spec §1 has 9 core columns; extended with focal_old_rating, faction, opponent_faction, p0_is_unrated, p1_is_unrated, map, patch for aoestats-specific richness). metric_name values: psi, cohen_h, cohen_d, icc -- overlap with sibling plans."
aoestats,2024-Q2,map,psi,6.6814,2022-Q3-patch66692,10,22505,"categorical PSI with __unseen__ bin; n_ref_cats=23; unseen_tested=3504 aoestats analyzes 15 columns (spec §1 has 9 core columns; extended with focal_old_rating, faction, opponent_faction, p0_is_unrated, p1_is_unrated, map, patch for aoestats-specific richness). metric_name values: psi, cohen_h, cohen_d, icc -- overlap with sibling plans."
aoestats,2024-Q3,focal_old_rating,psi,0.2605,2022-Q3-patch66692,10,9481,"continuous decile PSI n_bins=10 aoestats analyzes 15 columns (spec §1 has 9 core columns; extended with focal_old_rating, faction, opponent_faction, p0_is_unrated, p1_is_unrated, map, patch for aoestats-specific richness). metric_name values: psi, cohen_h, cohen_d, icc -- overlap with sibling plans."
aoestats,2024-Q3,avg_elo,psi,0.2525,2022-Q3-patch66692,10,9498,"continuous decile PSI n_bins=10 aoestats analyzes 15 columns (spec §1 has 9 core columns; extended with focal_old_rating, faction, opponent_faction, p0_is_unrated, p1_is_unrated, map, patch for aoestats-specific richness). metric_name values: psi, cohen_h, cohen_d, icc -- overlap with sibling plans."
aoestats,2024-Q3,faction,psi,1.1273,2022-Q3-patch66692,10,9498,"categorical PSI with __unseen__ bin; n_ref_cats=42; unseen_tested=396 aoestats analyzes 15 columns (spec §1 has 9 core columns; extended with focal_old_rating, faction, opponent_faction, p0_is_unrated, p1_is_unrated, map, patch for aoestats-specific richness). metric_name values: psi, cohen_h, cohen_d, icc -- overlap with sibling plans."
aoestats,2024-Q3,opponent_faction,psi,0.9578,2022-Q3-patch66692,10,9498,"categorical PSI with __unseen__ bin; n_ref_cats=42; unseen_tested=395 aoestats analyzes 15 columns (spec §1 has 9 core columns; extended with focal_old_rating, faction, opponent_faction, p0_is_unrated, p1_is_unrated, map, patch for aoestats-specific richness). metric_name values: psi, cohen_h, cohen_d, icc -- overlap with sibling plans."
aoestats,2024-Q3,mirror,cohen_h,0.0542,2022-Q3-patch66692,10,9498,"binary exact-value Cohen h; ref_rate=0.0507 test_rate=0.0395 (spec §3 metric_name=cohen_h) aoestats analyzes 15 columns (spec §1 has 9 core columns; extended with focal_old_rating, faction, opponent_faction, p0_is_unrated, p1_is_unrated, map, patch for aoestats-specific richness). metric_name values: psi, cohen_h, cohen_d, icc -- overlap with sibling plans."
aoestats,2024-Q3,p0_is_unrated,cohen_h,0.0553,2022-Q3-patch66692,10,9498,"binary exact-value Cohen h; ref_rate=0.0003 test_rate=0.0019 (spec §3 metric_name=cohen_h) aoestats analyzes 15 columns (spec §1 has 9 core columns; extended with focal_old_rating, faction, opponent_faction, p0_is_unrated, p1_is_unrated, map, patch for aoestats-specific richness). metric_name values: psi, cohen_h, cohen_d, icc -- overlap with sibling plans."
aoestats,2024-Q3,p1_is_unrated,cohen_h,0.0,2022-Q3-patch66692,10,9498,"binary exact-value Cohen h; ref_rate=0.0000 test_rate=0.0000 (spec §3 metric_name=cohen_h) aoestats analyzes 15 columns (spec §1 has 9 core columns; extended with focal_old_rating, faction, opponent_faction, p0_is_unrated, p1_is_unrated, map, patch for aoestats-specific richness). metric_name values: psi, cohen_h, cohen_d, icc -- overlap with sibling plans."
aoestats,2024-Q3,map,psi,8.4955,2022-Q3-patch66692,10,9498,"categorical PSI with __unseen__ bin; n_ref_cats=23; unseen_tested=1682 aoestats analyzes 15 columns (spec §1 has 9 core columns; extended with focal_old_rating, faction, opponent_faction, p0_is_unrated, p1_is_unrated, map, patch for aoestats-specific richness). metric_name values: psi, cohen_h, cohen_d, icc -- overlap with sibling plans."
aoestats,2024-Q4,focal_old_rating,psi,0.2312,2022-Q3-patch66692,10,17207,"continuous decile PSI n_bins=10 aoestats analyzes 15 columns (spec §1 has 9 core columns; extended with focal_old_rating, faction, opponent_faction, p0_is_unrated, p1_is_unrated, map, patch for aoestats-specific richness). metric_name values: psi, cohen_h, cohen_d, icc -- overlap with sibling plans."
aoestats,2024-Q4,avg_elo,psi,0.2208,2022-Q3-patch66692,10,17243,"continuous decile PSI n_bins=10 aoestats analyzes 15 columns (spec §1 has 9 core columns; extended with focal_old_rating, faction, opponent_faction, p0_is_unrated, p1_is_unrated, map, patch for aoestats-specific richness). metric_name values: psi, cohen_h, cohen_d, icc -- overlap with sibling plans."
aoestats,2024-Q4,faction,psi,1.3626,2022-Q3-patch66692,10,17245,"categorical PSI with __unseen__ bin; n_ref_cats=42; unseen_tested=975 aoestats analyzes 15 columns (spec §1 has 9 core columns; extended with focal_old_rating, faction, opponent_faction, p0_is_unrated, p1_is_unrated, map, patch for aoestats-specific richness). metric_name values: psi, cohen_h, cohen_d, icc -- overlap with sibling plans."
aoestats,2024-Q4,opponent_faction,psi,1.0537,2022-Q3-patch66692,10,17245,"categorical PSI with __unseen__ bin; n_ref_cats=42; unseen_tested=798 aoestats analyzes 15 columns (spec §1 has 9 core columns; extended with focal_old_rating, faction, opponent_faction, p0_is_unrated, p1_is_unrated, map, patch for aoestats-specific richness). metric_name values: psi, cohen_h, cohen_d, icc -- overlap with sibling plans."
aoestats,2024-Q4,mirror,cohen_h,0.0889,2022-Q3-patch66692,10,17245,"binary exact-value Cohen h; ref_rate=0.0507 test_rate=0.0330 (spec §3 metric_name=cohen_h) aoestats analyzes 15 columns (spec §1 has 9 core columns; extended with focal_old_rating, faction, opponent_faction, p0_is_unrated, p1_is_unrated, map, patch for aoestats-specific richness). metric_name values: psi, cohen_h, cohen_d, icc -- overlap with sibling plans."
aoestats,2024-Q4,p0_is_unrated,cohen_h,0.0658,2022-Q3-patch66692,10,17245,"binary exact-value Cohen h; ref_rate=0.0003 test_rate=0.0024 (spec §3 metric_name=cohen_h) aoestats analyzes 15 columns (spec §1 has 9 core columns; extended with focal_old_rating, faction, opponent_faction, p0_is_unrated, p1_is_unrated, map, patch for aoestats-specific richness). metric_name values: psi, cohen_h, cohen_d, icc -- overlap with sibling plans."
aoestats,2024-Q4,p1_is_unrated,cohen_h,0.0215,2022-Q3-patch66692,10,17245,"binary exact-value Cohen h; ref_rate=0.0000 test_rate=0.0001 (spec §3 metric_name=cohen_h) aoestats analyzes 15 columns (spec §1 has 9 core columns; extended with focal_old_rating, faction, opponent_faction, p0_is_unrated, p1_is_unrated, map, patch for aoestats-specific richness). metric_name values: psi, cohen_h, cohen_d, icc -- overlap with sibling plans."
aoestats,2024-Q4,map,psi,8.669,2022-Q3-patch66692,10,17245,"categorical PSI with __unseen__ bin; n_ref_cats=23; unseen_tested=3462 aoestats analyzes 15 columns (spec §1 has 9 core columns; extended with focal_old_rating, faction, opponent_faction, p0_is_unrated, p1_is_unrated, map, patch for aoestats-specific richness). metric_name values: psi, cohen_h, cohen_d, icc -- overlap with sibling plans."
aoestats,2023-Q2,focal_old_rating,psi,0.1598,2023-Q1-alt,10,32826,"continuous decile PSI n_bins=10 [B3-counterfactual] aoestats analyzes 15 columns (spec §1 has 9 core columns; extended with focal_old_rating, faction, opponent_faction, p0_is_unrated, p1_is_unrated, map, patch for aoestats-specific richness). metric_name values: psi, cohen_h, cohen_d, icc -- overlap with sibling plans."
aoestats,2023-Q2,avg_elo,psi,0.1577,2023-Q1-alt,10,32826,"continuous decile PSI n_bins=10 [B3-counterfactual] aoestats analyzes 15 columns (spec §1 has 9 core columns; extended with focal_old_rating, faction, opponent_faction, p0_is_unrated, p1_is_unrated, map, patch for aoestats-specific richness). metric_name values: psi, cohen_h, cohen_d, icc -- overlap with sibling plans."
aoestats,2023-Q2,faction,psi,0.1693,2023-Q1-alt,10,32826,"categorical PSI with __unseen__ bin; n_ref_cats=42; unseen_tested=30 [B3-counterfactual] aoestats analyzes 15 columns (spec §1 has 9 core columns; extended with focal_old_rating, faction, opponent_faction, p0_is_unrated, p1_is_unrated, map, patch for aoestats-specific richness). metric_name values: psi, cohen_h, cohen_d, icc -- overlap with sibling plans."
aoestats,2023-Q2,opponent_faction,psi,0.0614,2023-Q1-alt,10,32826,"categorical PSI with __unseen__ bin; n_ref_cats=42; unseen_tested=36 [B3-counterfactual] aoestats analyzes 15 columns (spec §1 has 9 core columns; extended with focal_old_rating, faction, opponent_faction, p0_is_unrated, p1_is_unrated, map, patch for aoestats-specific richness). metric_name values: psi, cohen_h, cohen_d, icc -- overlap with sibling plans."
aoestats,2023-Q2,mirror,cohen_h,0.0432,2023-Q1-alt,10,32826,"binary exact-value Cohen h; ref_rate=0.0452 test_rate=0.0546 (spec §3 metric_name=cohen_h) [B3-counterfactual] aoestats analyzes 15 columns (spec §1 has 9 core columns; extended with focal_old_rating, faction, opponent_faction, p0_is_unrated, p1_is_unrated, map, patch for aoestats-specific richness). metric_name values: psi, cohen_h, cohen_d, icc -- overlap with sibling plans."
aoestats,2023-Q2,p0_is_unrated,cohen_h,0.0162,2023-Q1-alt,10,32826,"binary exact-value Cohen h; ref_rate=0.0001 test_rate=0.0000 (spec §3 metric_name=cohen_h) [B3-counterfactual] aoestats analyzes 15 columns (spec §1 has 9 core columns; extended with focal_old_rating, faction, opponent_faction, p0_is_unrated, p1_is_unrated, map, patch for aoestats-specific richness). metric_name values: psi, cohen_h, cohen_d, icc -- overlap with sibling plans."
aoestats,2023-Q2,p1_is_unrated,cohen_h,0.0024,2023-Q1-alt,10,32826,"binary exact-value Cohen h; ref_rate=0.0000 test_rate=0.0000 (spec §3 metric_name=cohen_h) [B3-counterfactual] aoestats analyzes 15 columns (spec §1 has 9 core columns; extended with focal_old_rating, faction, opponent_faction, p0_is_unrated, p1_is_unrated, map, patch for aoestats-specific richness). metric_name values: psi, cohen_h, cohen_d, icc -- overlap with sibling plans."
aoestats,2023-Q2,map,psi,4.2797,2023-Q1-alt,10,32826,"categorical PSI with __unseen__ bin; n_ref_cats=28; unseen_tested=3860 [B3-counterfactual] aoestats analyzes 15 columns (spec §1 has 9 core columns; extended with focal_old_rating, faction, opponent_faction, p0_is_unrated, p1_is_unrated, map, patch for aoestats-specific richness). metric_name values: psi, cohen_h, cohen_d, icc -- overlap with sibling plans."
aoestats,2023-Q3,focal_old_rating,psi,0.2039,2023-Q1-alt,10,23832,"continuous decile PSI n_bins=10 [B3-counterfactual] aoestats analyzes 15 columns (spec §1 has 9 core columns; extended with focal_old_rating, faction, opponent_faction, p0_is_unrated, p1_is_unrated, map, patch for aoestats-specific richness). metric_name values: psi, cohen_h, cohen_d, icc -- overlap with sibling plans."
aoestats,2023-Q3,avg_elo,psi,0.1987,2023-Q1-alt,10,23832,"continuous decile PSI n_bins=10 [B3-counterfactual] aoestats analyzes 15 columns (spec §1 has 9 core columns; extended with focal_old_rating, faction, opponent_faction, p0_is_unrated, p1_is_unrated, map, patch for aoestats-specific richness). metric_name values: psi, cohen_h, cohen_d, icc -- overlap with sibling plans."
aoestats,2023-Q3,faction,psi,0.4636,2023-Q1-alt,10,23832,"categorical PSI with __unseen__ bin; n_ref_cats=42; unseen_tested=305 [B3-counterfactual] aoestats analyzes 15 columns (spec §1 has 9 core columns; extended with focal_old_rating, faction, opponent_faction, p0_is_unrated, p1_is_unrated, map, patch for aoestats-specific richness). metric_name values: psi, cohen_h, cohen_d, icc -- overlap with sibling plans."
aoestats,2023-Q3,opponent_faction,psi,0.4764,2023-Q1-alt,10,23832,"categorical PSI with __unseen__ bin; n_ref_cats=42; unseen_tested=523 [B3-counterfactual] aoestats analyzes 15 columns (spec §1 has 9 core columns; extended with focal_old_rating, faction, opponent_faction, p0_is_unrated, p1_is_unrated, map, patch for aoestats-specific richness). metric_name values: psi, cohen_h, cohen_d, icc -- overlap with sibling plans."
aoestats,2023-Q3,mirror,cohen_h,0.0224,2023-Q1-alt,10,23832,"binary exact-value Cohen h; ref_rate=0.0452 test_rate=0.0406 (spec §3 metric_name=cohen_h) [B3-counterfactual] aoestats analyzes 15 columns (spec §1 has 9 core columns; extended with focal_old_rating, faction, opponent_faction, p0_is_unrated, p1_is_unrated, map, patch for aoestats-specific richness). metric_name values: psi, cohen_h, cohen_d, icc -- overlap with sibling plans."
aoestats,2023-Q3,p0_is_unrated,cohen_h,0.0162,2023-Q1-alt,10,23832,"binary exact-value Cohen h; ref_rate=0.0001 test_rate=0.0000 (spec §3 metric_name=cohen_h) [B3-counterfactual] aoestats analyzes 15 columns (spec §1 has 9 core columns; extended with focal_old_rating, faction, opponent_faction, p0_is_unrated, p1_is_unrated, map, patch for aoestats-specific richness). metric_name values: psi, cohen_h, cohen_d, icc -- overlap with sibling plans."
aoestats,2023-Q3,p1_is_unrated,cohen_h,0.0024,2023-Q1-alt,10,23832,"binary exact-value Cohen h; ref_rate=0.0000 test_rate=0.0000 (spec §3 metric_name=cohen_h) [B3-counterfactual] aoestats analyzes 15 columns (spec §1 has 9 core columns; extended with focal_old_rating, faction, opponent_faction, p0_is_unrated, p1_is_unrated, map, patch for aoestats-specific richness). metric_name values: psi, cohen_h, cohen_d, icc -- overlap with sibling plans."
aoestats,2023-Q3,map,psi,6.6598,2023-Q1-alt,10,23832,"categorical PSI with __unseen__ bin; n_ref_cats=28; unseen_tested=3775 [B3-counterfactual] aoestats analyzes 15 columns (spec §1 has 9 core columns; extended with focal_old_rating, faction, opponent_faction, p0_is_unrated, p1_is_unrated, map, patch for aoestats-specific richness). metric_name values: psi, cohen_h, cohen_d, icc -- overlap with sibling plans."
aoestats,2023-Q4,focal_old_rating,psi,0.2733,2023-Q1-alt,10,26298,"continuous decile PSI n_bins=10 [B3-counterfactual] aoestats analyzes 15 columns (spec §1 has 9 core columns; extended with focal_old_rating, faction, opponent_faction, p0_is_unrated, p1_is_unrated, map, patch for aoestats-specific richness). metric_name values: psi, cohen_h, cohen_d, icc -- overlap with sibling plans."
aoestats,2023-Q4,avg_elo,psi,0.2726,2023-Q1-alt,10,26298,"continuous decile PSI n_bins=10 [B3-counterfactual] aoestats analyzes 15 columns (spec §1 has 9 core columns; extended with focal_old_rating, faction, opponent_faction, p0_is_unrated, p1_is_unrated, map, patch for aoestats-specific richness). metric_name values: psi, cohen_h, cohen_d, icc -- overlap with sibling plans."
aoestats,2023-Q4,faction,psi,0.7326,2023-Q1-alt,10,26298,"categorical PSI with __unseen__ bin; n_ref_cats=42; unseen_tested=645 [B3-counterfactual] aoestats analyzes 15 columns (spec §1 has 9 core columns; extended with focal_old_rating, faction, opponent_faction, p0_is_unrated, p1_is_unrated, map, patch for aoestats-specific richness). metric_name values: psi, cohen_h, cohen_d, icc -- overlap with sibling plans."
aoestats,2023-Q4,opponent_faction,psi,0.8614,2023-Q1-alt,10,26298,"categorical PSI with __unseen__ bin; n_ref_cats=42; unseen_tested=1040 [B3-counterfactual] aoestats analyzes 15 columns (spec §1 has 9 core columns; extended with focal_old_rating, faction, opponent_faction, p0_is_unrated, p1_is_unrated, map, patch for aoestats-specific richness). metric_name values: psi, cohen_h, cohen_d, icc -- overlap with sibling plans."
aoestats,2023-Q4,mirror,cohen_h,0.0175,2023-Q1-alt,10,26298,"binary exact-value Cohen h; ref_rate=0.0452 test_rate=0.0416 (spec §3 metric_name=cohen_h) [B3-counterfactual] aoestats analyzes 15 columns (spec §1 has 9 core columns; extended with focal_old_rating, faction, opponent_faction, p0_is_unrated, p1_is_unrated, map, patch for aoestats-specific richness). metric_name values: psi, cohen_h, cohen_d, icc -- overlap with sibling plans."
aoestats,2023-Q4,p0_is_unrated,cohen_h,0.0039,2023-Q1-alt,10,26298,"binary exact-value Cohen h; ref_rate=0.0001 test_rate=0.0000 (spec §3 metric_name=cohen_h) [B3-counterfactual] aoestats analyzes 15 columns (spec §1 has 9 core columns; extended with focal_old_rating, faction, opponent_faction, p0_is_unrated, p1_is_unrated, map, patch for aoestats-specific richness). metric_name values: psi, cohen_h, cohen_d, icc -- overlap with sibling plans."
aoestats,2023-Q4,p1_is_unrated,cohen_h,0.0024,2023-Q1-alt,10,26298,"binary exact-value Cohen h; ref_rate=0.0000 test_rate=0.0000 (spec §3 metric_name=cohen_h) [B3-counterfactual] aoestats analyzes 15 columns (spec §1 has 9 core columns; extended with focal_old_rating, faction, opponent_faction, p0_is_unrated, p1_is_unrated, map, patch for aoestats-specific richness). metric_name values: psi, cohen_h, cohen_d, icc -- overlap with sibling plans."
aoestats,2023-Q4,map,psi,8.1765,2023-Q1-alt,10,26298,"categorical PSI with __unseen__ bin; n_ref_cats=28; unseen_tested=5498 [B3-counterfactual] aoestats analyzes 15 columns (spec §1 has 9 core columns; extended with focal_old_rating, faction, opponent_faction, p0_is_unrated, p1_is_unrated, map, patch for aoestats-specific richness). metric_name values: psi, cohen_h, cohen_d, icc -- overlap with sibling plans."
aoestats,2024-Q1,focal_old_rating,psi,0.2471,2023-Q1-alt,10,25018,"continuous decile PSI n_bins=10 [B3-counterfactual] aoestats analyzes 15 columns (spec §1 has 9 core columns; extended with focal_old_rating, faction, opponent_faction, p0_is_unrated, p1_is_unrated, map, patch for aoestats-specific richness). metric_name values: psi, cohen_h, cohen_d, icc -- overlap with sibling plans."
aoestats,2024-Q1,avg_elo,psi,0.2454,2023-Q1-alt,10,25018,"continuous decile PSI n_bins=10 [B3-counterfactual] aoestats analyzes 15 columns (spec §1 has 9 core columns; extended with focal_old_rating, faction, opponent_faction, p0_is_unrated, p1_is_unrated, map, patch for aoestats-specific richness). metric_name values: psi, cohen_h, cohen_d, icc -- overlap with sibling plans."
aoestats,2024-Q1,faction,psi,0.6174,2023-Q1-alt,10,25018,"categorical PSI with __unseen__ bin; n_ref_cats=42; unseen_tested=556 [B3-counterfactual] aoestats analyzes 15 columns (spec §1 has 9 core columns; extended with focal_old_rating, faction, opponent_faction, p0_is_unrated, p1_is_unrated, map, patch for aoestats-specific richness). metric_name values: psi, cohen_h, cohen_d, icc -- overlap with sibling plans."
aoestats,2024-Q1,opponent_faction,psi,0.7773,2023-Q1-alt,10,25018,"categorical PSI with __unseen__ bin; n_ref_cats=42; unseen_tested=879 [B3-counterfactual] aoestats analyzes 15 columns (spec §1 has 9 core columns; extended with focal_old_rating, faction, opponent_faction, p0_is_unrated, p1_is_unrated, map, patch for aoestats-specific richness). metric_name values: psi, cohen_h, cohen_d, icc -- overlap with sibling plans."
aoestats,2024-Q1,mirror,cohen_h,0.0403,2023-Q1-alt,10,25018,"binary exact-value Cohen h; ref_rate=0.0452 test_rate=0.0372 (spec §3 metric_name=cohen_h) [B3-counterfactual] aoestats analyzes 15 columns (spec §1 has 9 core columns; extended with focal_old_rating, faction, opponent_faction, p0_is_unrated, p1_is_unrated, map, patch for aoestats-specific richness). metric_name values: psi, cohen_h, cohen_d, icc -- overlap with sibling plans."
aoestats,2024-Q1,p0_is_unrated,cohen_h,0.0162,2023-Q1-alt,10,25018,"binary exact-value Cohen h; ref_rate=0.0001 test_rate=0.0000 (spec §3 metric_name=cohen_h) [B3-counterfactual] aoestats analyzes 15 columns (spec §1 has 9 core columns; extended with focal_old_rating, faction, opponent_faction, p0_is_unrated, p1_is_unrated, map, patch for aoestats-specific richness). metric_name values: psi, cohen_h, cohen_d, icc -- overlap with sibling plans."
aoestats,2024-Q1,p1_is_unrated,cohen_h,0.0024,2023-Q1-alt,10,25018,"binary exact-value Cohen h; ref_rate=0.0000 test_rate=0.0000 (spec §3 metric_name=cohen_h) [B3-counterfactual] aoestats analyzes 15 columns (spec §1 has 9 core columns; extended with focal_old_rating, faction, opponent_faction, p0_is_unrated, p1_is_unrated, map, patch for aoestats-specific richness). metric_name values: psi, cohen_h, cohen_d, icc -- overlap with sibling plans."
aoestats,2024-Q1,map,psi,6.1764,2023-Q1-alt,10,25018,"categorical PSI with __unseen__ bin; n_ref_cats=28; unseen_tested=3882 [B3-counterfactual] aoestats analyzes 15 columns (spec §1 has 9 core columns; extended with focal_old_rating, faction, opponent_faction, p0_is_unrated, p1_is_unrated, map, patch for aoestats-specific richness). metric_name values: psi, cohen_h, cohen_d, icc -- overlap with sibling plans."
aoestats,2024-Q2,focal_old_rating,psi,0.4155,2023-Q1-alt,10,22503,"continuous decile PSI n_bins=10 [B3-counterfactual] aoestats analyzes 15 columns (spec §1 has 9 core columns; extended with focal_old_rating, faction, opponent_faction, p0_is_unrated, p1_is_unrated, map, patch for aoestats-specific richness). metric_name values: psi, cohen_h, cohen_d, icc -- overlap with sibling plans."
aoestats,2024-Q2,avg_elo,psi,0.4094,2023-Q1-alt,10,22505,"continuous decile PSI n_bins=10 [B3-counterfactual] aoestats analyzes 15 columns (spec §1 has 9 core columns; extended with focal_old_rating, faction, opponent_faction, p0_is_unrated, p1_is_unrated, map, patch for aoestats-specific richness). metric_name values: psi, cohen_h, cohen_d, icc -- overlap with sibling plans."
aoestats,2024-Q2,faction,psi,0.736,2023-Q1-alt,10,22505,"categorical PSI with __unseen__ bin; n_ref_cats=42; unseen_tested=649 [B3-counterfactual] aoestats analyzes 15 columns (spec §1 has 9 core columns; extended with focal_old_rating, faction, opponent_faction, p0_is_unrated, p1_is_unrated, map, patch for aoestats-specific richness). metric_name values: psi, cohen_h, cohen_d, icc -- overlap with sibling plans."
aoestats,2024-Q2,opponent_faction,psi,0.9337,2023-Q1-alt,10,22505,"categorical PSI with __unseen__ bin; n_ref_cats=42; unseen_tested=958 [B3-counterfactual] aoestats analyzes 15 columns (spec §1 has 9 core columns; extended with focal_old_rating, faction, opponent_faction, p0_is_unrated, p1_is_unrated, map, patch for aoestats-specific richness). metric_name values: psi, cohen_h, cohen_d, icc -- overlap with sibling plans."
aoestats,2024-Q2,mirror,cohen_h,0.0409,2023-Q1-alt,10,22505,"binary exact-value Cohen h; ref_rate=0.0452 test_rate=0.0371 (spec §3 metric_name=cohen_h) [B3-counterfactual] aoestats analyzes 15 columns (spec §1 has 9 core columns; extended with focal_old_rating, faction, opponent_faction, p0_is_unrated, p1_is_unrated, map, patch for aoestats-specific richness). metric_name values: psi, cohen_h, cohen_d, icc -- overlap with sibling plans."
aoestats,2024-Q2,p0_is_unrated,cohen_h,0.0104,2023-Q1-alt,10,22505,"binary exact-value Cohen h; ref_rate=0.0001 test_rate=0.0002 (spec §3 metric_name=cohen_h) [B3-counterfactual] aoestats analyzes 15 columns (spec §1 has 9 core columns; extended with focal_old_rating, faction, opponent_faction, p0_is_unrated, p1_is_unrated, map, patch for aoestats-specific richness). metric_name values: psi, cohen_h, cohen_d, icc -- overlap with sibling plans."
aoestats,2024-Q2,p1_is_unrated,cohen_h,0.0024,2023-Q1-alt,10,22505,"binary exact-value Cohen h; ref_rate=0.0000 test_rate=0.0000 (spec §3 metric_name=cohen_h) [B3-counterfactual] aoestats analyzes 15 columns (spec §1 has 9 core columns; extended with focal_old_rating, faction, opponent_faction, p0_is_unrated, p1_is_unrated, map, patch for aoestats-specific richness). metric_name values: psi, cohen_h, cohen_d, icc -- overlap with sibling plans."
aoestats,2024-Q2,map,psi,7.2151,2023-Q1-alt,10,22505,"categorical PSI with __unseen__ bin; n_ref_cats=28; unseen_tested=3856 [B3-counterfactual] aoestats analyzes 15 columns (spec §1 has 9 core columns; extended with focal_old_rating, faction, opponent_faction, p0_is_unrated, p1_is_unrated, map, patch for aoestats-specific richness). metric_name values: psi, cohen_h, cohen_d, icc -- overlap with sibling plans."
aoestats,2024-Q3,focal_old_rating,psi,0.372,2023-Q1-alt,10,9481,"continuous decile PSI n_bins=10 [B3-counterfactual] aoestats analyzes 15 columns (spec §1 has 9 core columns; extended with focal_old_rating, faction, opponent_faction, p0_is_unrated, p1_is_unrated, map, patch for aoestats-specific richness). metric_name values: psi, cohen_h, cohen_d, icc -- overlap with sibling plans."
aoestats,2024-Q3,avg_elo,psi,0.3639,2023-Q1-alt,10,9498,"continuous decile PSI n_bins=10 [B3-counterfactual] aoestats analyzes 15 columns (spec §1 has 9 core columns; extended with focal_old_rating, faction, opponent_faction, p0_is_unrated, p1_is_unrated, map, patch for aoestats-specific richness). metric_name values: psi, cohen_h, cohen_d, icc -- overlap with sibling plans."
aoestats,2024-Q3,faction,psi,1.0669,2023-Q1-alt,10,9498,"categorical PSI with __unseen__ bin; n_ref_cats=42; unseen_tested=396 [B3-counterfactual] aoestats analyzes 15 columns (spec §1 has 9 core columns; extended with focal_old_rating, faction, opponent_faction, p0_is_unrated, p1_is_unrated, map, patch for aoestats-specific richness). metric_name values: psi, cohen_h, cohen_d, icc -- overlap with sibling plans."
aoestats,2024-Q3,opponent_faction,psi,0.928,2023-Q1-alt,10,9498,"categorical PSI with __unseen__ bin; n_ref_cats=42; unseen_tested=395 [B3-counterfactual] aoestats analyzes 15 columns (spec §1 has 9 core columns; extended with focal_old_rating, faction, opponent_faction, p0_is_unrated, p1_is_unrated, map, patch for aoestats-specific richness). metric_name values: psi, cohen_h, cohen_d, icc -- overlap with sibling plans."
aoestats,2024-Q3,mirror,cohen_h,0.0282,2023-Q1-alt,10,9498,"binary exact-value Cohen h; ref_rate=0.0452 test_rate=0.0395 (spec §3 metric_name=cohen_h) [B3-counterfactual] aoestats analyzes 15 columns (spec §1 has 9 core columns; extended with focal_old_rating, faction, opponent_faction, p0_is_unrated, p1_is_unrated, map, patch for aoestats-specific richness). metric_name values: psi, cohen_h, cohen_d, icc -- overlap with sibling plans."
aoestats,2024-Q3,p0_is_unrated,cohen_h,0.0708,2023-Q1-alt,10,9498,"binary exact-value Cohen h; ref_rate=0.0001 test_rate=0.0019 (spec §3 metric_name=cohen_h) [B3-counterfactual] aoestats analyzes 15 columns (spec §1 has 9 core columns; extended with focal_old_rating, faction, opponent_faction, p0_is_unrated, p1_is_unrated, map, patch for aoestats-specific richness). metric_name values: psi, cohen_h, cohen_d, icc -- overlap with sibling plans."
aoestats,2024-Q3,p1_is_unrated,cohen_h,0.0024,2023-Q1-alt,10,9498,"binary exact-value Cohen h; ref_rate=0.0000 test_rate=0.0000 (spec §3 metric_name=cohen_h) [B3-counterfactual] aoestats analyzes 15 columns (spec §1 has 9 core columns; extended with focal_old_rating, faction, opponent_faction, p0_is_unrated, p1_is_unrated, map, patch for aoestats-specific richness). metric_name values: psi, cohen_h, cohen_d, icc -- overlap with sibling plans."
aoestats,2024-Q3,map,psi,6.5954,2023-Q1-alt,10,9498,"categorical PSI with __unseen__ bin; n_ref_cats=28; unseen_tested=1319 [B3-counterfactual] aoestats analyzes 15 columns (spec §1 has 9 core columns; extended with focal_old_rating, faction, opponent_faction, p0_is_unrated, p1_is_unrated, map, patch for aoestats-specific richness). metric_name values: psi, cohen_h, cohen_d, icc -- overlap with sibling plans."
aoestats,2024-Q4,focal_old_rating,psi,0.3639,2023-Q1-alt,10,17207,"continuous decile PSI n_bins=10 [B3-counterfactual] aoestats analyzes 15 columns (spec §1 has 9 core columns; extended with focal_old_rating, faction, opponent_faction, p0_is_unrated, p1_is_unrated, map, patch for aoestats-specific richness). metric_name values: psi, cohen_h, cohen_d, icc -- overlap with sibling plans."
aoestats,2024-Q4,avg_elo,psi,0.3568,2023-Q1-alt,10,17243,"continuous decile PSI n_bins=10 [B3-counterfactual] aoestats analyzes 15 columns (spec §1 has 9 core columns; extended with focal_old_rating, faction, opponent_faction, p0_is_unrated, p1_is_unrated, map, patch for aoestats-specific richness). metric_name values: psi, cohen_h, cohen_d, icc -- overlap with sibling plans."
aoestats,2024-Q4,faction,psi,1.3514,2023-Q1-alt,10,17245,"categorical PSI with __unseen__ bin; n_ref_cats=42; unseen_tested=975 [B3-counterfactual] aoestats analyzes 15 columns (spec §1 has 9 core columns; extended with focal_old_rating, faction, opponent_faction, p0_is_unrated, p1_is_unrated, map, patch for aoestats-specific richness). metric_name values: psi, cohen_h, cohen_d, icc -- overlap with sibling plans."
aoestats,2024-Q4,opponent_faction,psi,1.0328,2023-Q1-alt,10,17245,"categorical PSI with __unseen__ bin; n_ref_cats=42; unseen_tested=798 [B3-counterfactual] aoestats analyzes 15 columns (spec §1 has 9 core columns; extended with focal_old_rating, faction, opponent_faction, p0_is_unrated, p1_is_unrated, map, patch for aoestats-specific richness). metric_name values: psi, cohen_h, cohen_d, icc -- overlap with sibling plans."
aoestats,2024-Q4,mirror,cohen_h,0.063,2023-Q1-alt,10,17245,"binary exact-value Cohen h; ref_rate=0.0452 test_rate=0.0330 (spec §3 metric_name=cohen_h) [B3-counterfactual] aoestats analyzes 15 columns (spec §1 has 9 core columns; extended with focal_old_rating, faction, opponent_faction, p0_is_unrated, p1_is_unrated, map, patch for aoestats-specific richness). metric_name values: psi, cohen_h, cohen_d, icc -- overlap with sibling plans."
aoestats,2024-Q4,p0_is_unrated,cohen_h,0.0813,2023-Q1-alt,10,17245,"binary exact-value Cohen h; ref_rate=0.0001 test_rate=0.0024 (spec §3 metric_name=cohen_h) [B3-counterfactual] aoestats analyzes 15 columns (spec §1 has 9 core columns; extended with focal_old_rating, faction, opponent_faction, p0_is_unrated, p1_is_unrated, map, patch for aoestats-specific richness). metric_name values: psi, cohen_h, cohen_d, icc -- overlap with sibling plans."
aoestats,2024-Q4,p1_is_unrated,cohen_h,0.0191,2023-Q1-alt,10,17245,"binary exact-value Cohen h; ref_rate=0.0000 test_rate=0.0001 (spec §3 metric_name=cohen_h) [B3-counterfactual] aoestats analyzes 15 columns (spec §1 has 9 core columns; extended with focal_old_rating, faction, opponent_faction, p0_is_unrated, p1_is_unrated, map, patch for aoestats-specific richness). metric_name values: psi, cohen_h, cohen_d, icc -- overlap with sibling plans."
aoestats,2024-Q4,map,psi,7.674,2023-Q1-alt,10,17245,"categorical PSI with __unseen__ bin; n_ref_cats=28; unseen_tested=3278 [B3-counterfactual] aoestats analyzes 15 columns (spec §1 has 9 core columns; extended with focal_old_rating, faction, opponent_faction, p0_is_unrated, p1_is_unrated, map, patch for aoestats-specific richness). metric_name values: psi, cohen_h, cohen_d, icc -- overlap with sibling plans."
aoestats,2022-Q3Q4ref,won,icc_anova_observed_scale,0.0251,2022-Q3-patch66692,5,30975,"spec v1.0.4 §6.2 cohort-threshold axis; key=n_min5; diagnostic; M7: ICC computed on `profile_id`; per INVARIANTS §2, within-aoestats migration/colli... aoestats analyzes 15 columns (spec §1 has 9 core columns; extended with focal_old_rating, faction, opponent_faction, p0_is_unrated, p1_is_unrated, map, patch for aoestats-specific richness). metric_name values: psi, cohen_h, cohen_d, icc -- overlap with sibling plans."
aoestats,2022-Q3Q4ref,won,icc_lpm_observed_scale,0.0248,2022-Q3-patch66692,5,30975,"spec v1.0.4 §6.2 cohort-threshold axis; key=n_min5; diagnostic; M7: ICC computed on `profile_id`; per INVARIANTS §2, within-aoestats migration/colli... aoestats analyzes 15 columns (spec §1 has 9 core columns; extended with focal_old_rating, faction, opponent_faction, p0_is_unrated, p1_is_unrated, map, patch for aoestats-specific richness). metric_name values: psi, cohen_h, cohen_d, icc -- overlap with sibling plans."
aoestats,2022-Q3Q4ref,won,icc_anova_observed_scale,0.0268,2022-Q3-patch66692,10,7909,"spec v1.0.4 §6.2 cohort-threshold axis; key=n_min10; primary; M7: ICC computed on `profile_id`; per INVARIANTS §2, within-aoestats migration/colli... aoestats analyzes 15 columns (spec §1 has 9 core columns; extended with focal_old_rating, faction, opponent_faction, p0_is_unrated, p1_is_unrated, map, patch for aoestats-specific richness). metric_name values: psi, cohen_h, cohen_d, icc -- overlap with sibling plans."
aoestats,2022-Q3Q4ref,won,icc_lpm_observed_scale,0.0259,2022-Q3-patch66692,10,7909,"spec v1.0.4 §6.2 cohort-threshold axis; key=n_min10; diagnostic; M7: ICC computed on `profile_id`; per INVARIANTS §2, within-aoestats migration/colli... aoestats analyzes 15 columns (spec §1 has 9 core columns; extended with focal_old_rating, faction, opponent_faction, p0_is_unrated, p1_is_unrated, map, patch for aoestats-specific richness). metric_name values: psi, cohen_h, cohen_d, icc -- overlap with sibling plans."
aoestats,2022-Q3Q4ref,won,icc_anova_observed_scale,0.0176,2022-Q3-patch66692,20,77,"spec v1.0.4 §6.2 cohort-threshold axis; key=n_min20; diagnostic; M7: ICC computed on `profile_id`; per INVARIANTS §2, within-aoestats migration/colli... aoestats analyzes 15 columns (spec §1 has 9 core columns; extended with focal_old_rating, faction, opponent_faction, p0_is_unrated, p1_is_unrated, map, patch for aoestats-specific richness). metric_name values: psi, cohen_h, cohen_d, icc -- overlap with sibling plans."
aoestats,2022-Q3Q4ref,won,icc_lpm_observed_scale,0.0172,2022-Q3-patch66692,20,77,"spec v1.0.4 §6.2 cohort-threshold axis; key=n_min20; diagnostic; M7: ICC computed on `profile_id`; per INVARIANTS §2, within-aoestats migration/colli... aoestats analyzes 15 columns (spec §1 has 9 core columns; extended with focal_old_rating, faction, opponent_faction, p0_is_unrated, p1_is_unrated, map, patch for aoestats-specific richness). metric_name values: psi, cohen_h, cohen_d, icc -- overlap with sibling plans."
aoestats,2022-Q3Q4ref,duration_seconds,cohen_d,0.0,2022-Q3-patch66692,0,37632,"POST_GAME_HISTORICAL reference period baseline; I3 token aoestats analyzes 15 columns (spec §1 has 9 core columns; extended with focal_old_rating, faction, opponent_faction, p0_is_unrated, p1_is_unrated, map, patch for aoestats-specific richness). metric_name values: psi, cohen_h, cohen_d, icc -- overlap with sibling plans."
aoestats,2022-Q3Q4ref,duration_seconds,cohen_d,0.0,2022-Q3-patch66692,0,159112,"POST_GAME_HISTORICAL reference period baseline; I3 token aoestats analyzes 15 columns (spec §1 has 9 core columns; extended with focal_old_rating, faction, opponent_faction, p0_is_unrated, p1_is_unrated, map, patch for aoestats-specific richness). metric_name values: psi, cohen_h, cohen_d, icc -- overlap with sibling plans."
aoestats,2023-Q1,duration_seconds,cohen_d,-0.0044,2022-Q3-patch66692,0,845564,"POST_GAME_HISTORICAL; I3 token; excluded from PSI per spec §4 aoestats analyzes 15 columns (spec §1 has 9 core columns; extended with focal_old_rating, faction, opponent_faction, p0_is_unrated, p1_is_unrated, map, patch for aoestats-specific richness). metric_name values: psi, cohen_h, cohen_d, icc -- overlap with sibling plans."
aoestats,2023-Q2,duration_seconds,cohen_d,-0.0044,2022-Q3-patch66692,0,3485606,"POST_GAME_HISTORICAL; I3 token; excluded from PSI per spec §4 aoestats analyzes 15 columns (spec §1 has 9 core columns; extended with focal_old_rating, faction, opponent_faction, p0_is_unrated, p1_is_unrated, map, patch for aoestats-specific richness). metric_name values: psi, cohen_h, cohen_d, icc -- overlap with sibling plans."
aoestats,2023-Q3,duration_seconds,cohen_d,-0.0044,2022-Q3-patch66692,0,2802462,"POST_GAME_HISTORICAL; I3 token; excluded from PSI per spec §4 aoestats analyzes 15 columns (spec §1 has 9 core columns; extended with focal_old_rating, faction, opponent_faction, p0_is_unrated, p1_is_unrated, map, patch for aoestats-specific richness). metric_name values: psi, cohen_h, cohen_d, icc -- overlap with sibling plans."
aoestats,2023-Q4,duration_seconds,cohen_d,-0.0072,2022-Q3-patch66692,0,3385088,"POST_GAME_HISTORICAL; I3 token; excluded from PSI per spec §4 aoestats analyzes 15 columns (spec §1 has 9 core columns; extended with focal_old_rating, faction, opponent_faction, p0_is_unrated, p1_is_unrated, map, patch for aoestats-specific richness). metric_name values: psi, cohen_h, cohen_d, icc -- overlap with sibling plans."
aoestats,2024-Q1,duration_seconds,cohen_d,-0.0075,2022-Q3-patch66692,0,3586266,"POST_GAME_HISTORICAL; I3 token; excluded from PSI per spec §4 aoestats analyzes 15 columns (spec §1 has 9 core columns; extended with focal_old_rating, faction, opponent_faction, p0_is_unrated, p1_is_unrated, map, patch for aoestats-specific richness). metric_name values: psi, cohen_h, cohen_d, icc -- overlap with sibling plans."
aoestats,2024-Q2,duration_seconds,cohen_d,-0.0141,2022-Q3-patch66692,0,3376140,"POST_GAME_HISTORICAL; I3 token; excluded from PSI per spec §4 aoestats analyzes 15 columns (spec §1 has 9 core columns; extended with focal_old_rating, faction, opponent_faction, p0_is_unrated, p1_is_unrated, map, patch for aoestats-specific richness). metric_name values: psi, cohen_h, cohen_d, icc -- overlap with sibling plans."
aoestats,2024-Q3,duration_seconds,cohen_d,-0.0127,2022-Q3-patch66692,0,1382090,"POST_GAME_HISTORICAL; I3 token; excluded from PSI per spec §4 aoestats analyzes 15 columns (spec §1 has 9 core columns; extended with focal_old_rating, faction, opponent_faction, p0_is_unrated, p1_is_unrated, map, patch for aoestats-specific richness). metric_name values: psi, cohen_h, cohen_d, icc -- overlap with sibling plans."
aoestats,2024-Q4,duration_seconds,cohen_d,-0.0141,2022-Q3-patch66692,0,2942920,"POST_GAME_HISTORICAL; I3 token; excluded from PSI per spec §4 aoestats analyzes 15 columns (spec §1 has 9 core columns; extended with focal_old_rating, faction, opponent_faction, p0_is_unrated, p1_is_unrated, map, patch for aoestats-specific richness). metric_name values: psi, cohen_h, cohen_d, icc -- overlap with sibling plans."
